Epoch,Train_MAE,Val_MAE
0,468.558641516644,377.80738830566406
1,451.9043831203295,368.3791809082031
2,443.4860295834749,347.83436584472656
3,428.0741072944973,370.97044372558594
4,417.3370620064114,370.01800537109375
5,422.8262010657269,358.6423797607422
6,420.2019441024117,369.4837341308594
7,409.4087139627208,377.63897705078125
8,403.04494708517325,345.7932586669922
9,402.70807946246606,399.44773864746094
10,400.32990696119225,346.2799530029297
11,408.7767732039742,356.8652038574219
12,413.2082745095958,360.3213348388672
13,404.15457949431044,378.8695373535156
14,403.5207718558933,371.49363708496094
15,396.9618517004925,360.23423767089844
16,396.85389510444975,367.8029327392578
17,406.1836136527683,370.7010192871094
18,399.6850930918818,366.53057861328125
19,398.7620902683424,376.9966583251953
20,399.22418809973675,370.8428955078125
21,400.0514075237772,371.58815002441406
22,396.67391304347825,374.5350036621094
23,396.2571358058764,379.08729553222656
24,394.14134813391644,372.41127014160156
25,394.1099097210428,354.45574951171875
26,392.03875334366506,379.29437255859375
27,395.7074969747792,356.9727325439453
28,393.638951840608,356.4541015625
29,393.51792974057406,362.25128173828125
30,399.2876162321671,349.29515075683594
31,395.55574898097825,355.83702087402344
32,388.5709387737772,381.7065124511719
33,393.59048727284306,363.9273376464844
34,395.0016426418139,360.4002685546875
35,392.107153851053,359.75555419921875
36,390.32412388013756,358.40870666503906
37,389.0582089631454,372.9236297607422
38,395.38620923913044,365.92189025878906
39,391.82289057192594,364.4773864746094
40,394.63686735733694,354.4870300292969
41,392.2439999787704,363.5868377685547
42,395.9029142960258,357.88124084472656
43,388.74785779870075,362.85203552246094
44,397.74231222401494,355.3308563232422
45,395.31737352454144,358.35870361328125
46,395.9494562563689,364.3938751220703
47,386.67427129330844,352.02874755859375
48,389.66687277088994,348.9024658203125
49,386.55745796535325,355.67042541503906
50,388.518286663553,361.67945861816406
51,389.67425139054006,359.5913391113281
52,391.1602305536685,345.51051330566406
53,384.50080141813856,352.8130340576172
54,384.6150419815727,324.14410400390625
55,405.1661655591882,378.27728271484375
56,413.88113071607506,366.12120056152344
57,402.56642747961956,340.8846740722656
58,403.2637342370075,337.7764892578125
59,403.4180085555367,358.98182678222656
60,389.9465564230214,363.76490783691406
61,398.08998041567594,351.2217102050781
62,389.72326925526494,348.24671936035156
63,385.51625658118206,347.9690704345703
64,386.77445519488793,363.07757568359375
65,392.2417031993037,346.4072570800781
66,388.52499920388925,349.3915100097656
67,388.6469169284986,363.6347198486328
68,389.8047817064368,369.74607849121094
69,383.6250437860904,356.29563903808594
70,391.59565005095106,351.4578552246094
71,388.07522848378056,352.7084503173828
72,388.8000169836956,351.0430450439453
73,384.60362309994906,352.2861785888672
74,391.798351785411,346.36041259765625
75,385.91572239087975,344.40521240234375
76,383.6463404116423,349.64263916015625
77,387.9143889054008,355.8429870605469
78,384.61600527556044,343.73875427246094
79,392.0327971085258,345.4841003417969
80,386.4126772673234,342.8540496826172
81,381.6144740892493,363.17921447753906
82,384.3255854067595,351.377685546875
83,384.2336478855299,364.8495178222656
84,386.3235566512398,359.6104278564453
85,384.2576957370924,357.81459045410156
86,388.2555966584579,356.64231872558594
87,385.2939652152683,353.1260223388672
88,382.3963331139606,353.6015930175781
89,383.06449425738793,356.40956115722656
90,382.24051102347994,355.7242431640625
91,385.6516007133152,356.312744140625
92,381.6298284115999,364.6862030029297
93,385.0138987665591,362.0404510498047
94,383.5231416121773,354.9644317626953
95,384.27778293775475,358.9253234863281
96,383.7048419454823,366.5345764160156
97,387.2316191300102,358.685546875
98,393.91938317340356,365.5715637207031
99,386.4433633555537,356.3574523925781
100,380.1516060207201,361.52586364746094
101,385.04412974482,363.36424255371094
102,384.5328727390455,357.402099609375
103,379.76406462296194,357.7041015625
104,377.1110906186311,364.5351104736328
105,377.152111551036,362.8253936767578
106,380.76268204398775,359.56300354003906
107,384.4519149116848,355.68402099609375
108,377.78691830842394,365.8294982910156
109,382.0835518215014,366.0502624511719
110,381.7626157014266,360.0787353515625
111,377.2902195142663,358.4630126953125
112,386.69999628481656,356.0483093261719
113,382.7161666206692,369.58628845214844
114,384.04680003290594,359.0133056640625
115,380.5372413966967,361.5101776123047
116,381.5552182404891,368.71998596191406
117,380.2130803647249,355.12037658691406
118,375.5095758852751,360.2164306640625
119,381.3740911069124,357.6195983886719
120,378.11266957158625,363.0141143798828
121,381.88101992399794,356.9637451171875
122,381.34958416482675,353.0272674560547
123,380.1332848590353,366.4585723876953
124,379.0011649753736,356.2388916015625
125,378.555860436481,357.4582214355469
126,380.43421338952106,360.42669677734375
127,376.9265189792799,360.49021911621094
128,379.76480898649794,364.12921142578125
129,381.2299725076427,367.63853454589844
130,382.39098855723506,361.5646057128906
131,382.6100132154382,355.7748718261719
132,375.49652895720106,370.30780029296875
133,381.12216584578806,360.05670166015625
134,378.9580250615659,360.71775817871094
135,376.6660196055537,358.84059143066406
136,380.8186552628227,356.78977966308594
137,379.7069396972656,358.8143615722656
138,378.518694670304,358.2360076904297
139,381.56235271951425,363.5301971435547
140,378.4396800165591,359.1574401855469
141,379.2856106965438,362.3416442871094
142,377.6238695227581,358.2019958496094
143,378.214331585428,366.7883605957031
144,385.1947379734205,360.5815124511719
145,380.26532115107,358.81385803222656
146,378.4723072881284,358.62928771972656
147,377.1075001592221,360.42333984375
148,376.97933893618375,363.4606475830078
149,380.21861466117525,360.01942443847656
150,379.9030443274456,361.46868896484375
151,375.9517344599185,350.6429138183594
152,379.05987747855806,362.86773681640625
153,376.9313089121943,350.12510681152344
154,378.73767355213994,358.30625915527344
155,375.9110863727072,359.9360656738281
156,379.1145961595618,354.48545837402344
157,379.64093017578125,352.5893859863281
158,376.6151142949643,365.322265625
159,383.5744403341542,357.70655822753906
160,375.42564591117525,356.5827331542969
161,378.85459302819294,362.0179138183594
162,375.89737203846806,355.4427795410156
163,378.1950285538383,360.65277099609375
164,377.584008258322,355.5419464111328
165,378.35147360096806,357.33274841308594
166,381.03332784901494,353.4576110839844
167,381.1328589397928,367.02076721191406
168,374.3410704239555,354.1931915283203
169,378.87483082646906,361.2228698730469
170,376.58294677734375,354.9099578857422
171,377.90490457286006,356.9540252685547
172,379.6321663234545,363.0095520019531
173,379.1052345607592,346.9703063964844
174,377.231885827106,360.78118896484375
175,377.99997346297556,358.37046813964844
176,379.72602379840356,363.04515075683594
177,376.9126149053159,352.82684326171875
178,375.9528025751529,369.90147399902344
179,381.3178246539572,353.00010681152344
180,376.78577588952106,363.20042419433594
181,373.27359274159306,357.5624694824219
182,378.026111105214,359.5819091796875
183,378.20487511676293,358.0187530517578
184,377.3181231954823,360.53721618652344
185,378.321741518767,359.49937438964844
186,376.9377136230469,354.9454803466797
187,377.091260827106,358.19529724121094
188,379.1347828740659,359.4120178222656
189,381.27792889138925,356.5010070800781
190,373.4144884192425,351.0046844482422
191,378.32630323327106,357.5401611328125
192,373.89444235096806,354.55555725097656
193,383.804187277089,355.6746063232422
194,383.7996892514436,360.6781921386719
195,380.1011405613111,359.6743469238281
196,381.94145667034644,345.5333251953125
197,376.8540118673573,369.45794677734375
198,379.6862832774287,360.912109375
199,382.93986842943275,359.52227783203125
200,377.0032680345618,358.3015899658203
201,378.08083575704825,357.7104187011719
202,376.70749830163044,364.9477996826172
203,377.7564776876698,362.3514862060547
204,374.01753301205844,360.724365234375
205,378.7648501188859,361.1698303222656
206,377.4766003152599,355.03106689453125
207,377.45732581097144,357.3291320800781
208,375.3195867123811,357.87620544433594
209,378.93146548063856,356.0509948730469
210,380.8412289826766,357.1272430419922
211,375.6123352050781,353.7811584472656
212,376.3830287767493,353.2513732910156
213,374.9908752441406,358.2084503173828
214,378.8243461277174,355.18505859375
215,379.3147490128227,359.12147521972656
216,373.25290315047556,356.8013610839844
217,378.19882732888925,355.5308074951172
218,376.4181067425272,356.5794372558594
219,377.978491741678,352.16790771484375
220,379.42668085512906,350.9253387451172
221,375.8286053201427,350.45277404785156
222,377.42751677139944,356.922607421875
223,381.2617346722147,362.9820861816406
224,377.2052784795346,357.7722930908203
225,377.99336972443956,350.76356506347656
226,375.2204510232677,355.20289611816406
227,378.06133900518,356.9959259033203
228,380.1231251592221,357.56541442871094
229,376.45393039869225,353.34934997558594
230,372.5680873704993,361.46717834472656
231,378.1439752993376,354.5892791748047
232,375.90458214801293,357.5688934326172
233,375.7427135965099,355.9392395019531
234,378.368884542714,354.51397705078125
235,376.1666153617527,353.1593780517578
236,376.7373206097147,355.7677001953125
237,378.3910336701766,359.1775207519531
238,380.2085757048234,352.2968444824219
239,375.1319102411685,354.2435607910156
240,373.58407990828806,354.7367706298828
241,375.7791933806046,354.5227508544922
242,373.16580996306044,355.7071533203125
243,376.1851249363111,347.15684509277344
244,378.1192043138587,351.9639434814453
245,374.27663255774456,355.2637023925781
246,376.59039306640625,360.95753479003906
247,384.3841207753057,315.4010925292969
248,400.3111930515455,328.1836242675781
249,395.22493445354957,333.26861572265625
250,395.5944479237432,347.02366638183594
251,383.9230976934018,357.6301574707031
252,383.6441530974015,358.4605407714844
253,378.85628210979957,349.7108917236328
254,383.6843606700068,380.1484680175781
255,390.37882133152175,361.7898712158203
256,389.6760200832201,358.73216247558594
257,384.3191116996433,351.27333068847656
258,380.39383730681044,360.5522918701172
259,381.84662263289744,366.19102478027344
260,377.226586383322,362.9463195800781
261,383.59855983568275,357.0438995361328
262,377.5745265794837,352.76148986816406
263,386.34830773395043,348.8937530517578
264,378.90810759171194,355.513916015625
265,379.040491518767,358.96339416503906
266,380.1069508428159,361.24407958984375
267,381.61606233016306,360.1372375488281
268,377.6819511081861,360.13824462890625
269,385.3976188327955,356.8764343261719
270,379.353515625,351.3477325439453
271,381.9999416185462,364.87054443359375
272,380.05498206097144,362.3052978515625
273,384.7004699707031,354.60791015625
274,383.83510954483694,358.12664794921875
275,378.4956160835598,353.4569396972656
276,384.37664927607,377.5666809082031
277,381.27775109332543,362.2070770263672
278,376.47758815599525,360.1561584472656
279,378.89169245180875,360.0438995361328
280,377.3342583697775,358.3808288574219
281,379.1661416758662,356.74562072753906
282,381.05889892578125,370.325439453125
283,377.26572186013925,352.8338165283203
284,378.9808787470279,359.8114318847656
285,376.9828637164572,360.0166015625
286,378.70963917607844,356.36582946777344
287,375.9688375721807,359.3033752441406
288,386.07817409349525,359.13002014160156
289,384.88358340056044,353.16192626953125
290,383.2936547320822,359.22235107421875
291,383.6094798212466,350.16017150878906
292,382.50961701766306,361.39991760253906
293,382.96533468495244,353.4407958984375
294,379.288714201554,353.9211883544922
295,376.3417093028193,359.98626708984375
296,383.39670728600544,356.2872619628906
297,375.15490457286006,354.23826599121094
298,379.6920099673064,353.0940856933594
299,375.8932707413383,354.71502685546875
300,381.5391766092052,357.1890106201172
301,378.2910076638927,350.3111267089844
302,379.9022216796875,359.08265686035156
303,380.10766468877375,362.46287536621094
304,384.0375034498132,351.4842224121094
305,375.5645406971807,353.64552307128906
306,381.1300473420516,361.6203155517578
307,373.1983562967052,352.44212341308594
308,380.8544218643852,362.12840270996094
309,379.6606763756794,361.0322723388672
310,379.40346891983694,358.4953308105469
311,378.84654302182406,358.91993713378906
312,377.3159405252208,358.0172576904297
313,379.0749312691067,362.9503936767578
314,378.79104083517325,350.2463073730469
315,377.7899833347486,354.81494140625
316,378.60452933933425,358.2685852050781
317,377.0491518766984,349.91468811035156
318,378.9535708220109,354.7920684814453
319,382.91777502972144,355.552734375
320,375.9782608695652,359.7386016845703
321,378.9126440960428,353.7539520263672
322,376.73582524838656,362.48248291015625
323,376.07462343962294,358.06304931640625
324,376.89523846170175,362.3854064941406
325,374.72896542756456,355.8833312988281
326,377.756067690642,359.243896484375
327,375.2295439346977,358.6336364746094
328,375.1116359544837,353.6889343261719
329,375.2235890264096,357.36480712890625
330,374.3866212264351,362.10704040527344
331,381.2342363440472,353.41822814941406
332,374.2693308954654,349.01953125
333,376.39564315132475,346.0595245361328
334,376.1697095788044,356.7578430175781
335,377.84340501868206,354.22291564941406
336,377.104748269786,356.47991943359375
337,374.1691138226053,368.5212097167969
338,377.38544762652856,359.89671325683594
339,376.06002144191575,364.7644500732422
340,378.83220374065894,349.8057403564453
341,373.384973940642,349.71189880371094
342,372.1584054698115,354.09376525878906
343,375.6076235563859,357.2920227050781
344,374.2973699155061,354.61412048339844
345,373.50864178201425,349.3504180908203
346,380.7208291758662,352.9493103027344
347,378.97489464801293,391.01564025878906
348,424.7262759001359,364.5629119873047
349,398.18182505732,382.279052734375
350,401.9776253078295,376.07879638671875
351,397.2254452912704,369.5335998535156
352,392.61686640200406,372.9595947265625
353,391.4363516102666,366.29576110839844
354,387.7480760657269,356.2088928222656
355,378.7359035326087,375.96356201171875
356,390.8079780910326,367.6334991455078
357,382.5845589015795,375.00189208984375
358,384.4229975161345,361.2181396484375
359,386.8505063264266,351.13720703125
360,395.5326033882473,347.51405334472656
361,396.63163690981656,360.3336639404297
362,391.7468155570652,376.6867370605469
363,383.50338081691575,344.48988342285156
364,380.7289614470109,361.0234832763672
365,376.88586691151494,353.12147521972656
366,376.9511081861413,351.5175323486328
367,377.660424273947,355.8278045654297
368,378.51820174507475,349.79542541503906
369,376.3592164412789,358.89610290527344
370,376.8155053180197,351.45599365234375
371,377.9610874341882,349.7920837402344
372,377.4677455736243,354.8057098388672
373,394.19126958432406,388.7684020996094
374,400.21012015964675,373.6560974121094
375,375.5612355107846,378.5865478515625
376,381.5970737623132,357.52638244628906
377,375.08188994034475,367.4981689453125
378,370.89862060546875,368.91986083984375
379,372.97820646866506,372.83164978027344
380,377.54982989767325,368.7117614746094
381,376.47128030528194,362.4147491455078
382,375.04893095596975,363.1378173828125
383,376.2025670590608,368.0143280029297
384,375.04955789317256,361.86231994628906
385,372.27579796832543,358.9052276611328
386,375.7790805982507,358.4423522949219
387,372.06709753948707,359.7473602294922
388,380.7310684867527,366.30796813964844
389,375.0374463952106,356.7358856201172
390,376.87491508152175,357.0488586425781
391,374.62684432319975,356.0107727050781
392,375.8169058094854,357.8863067626953
393,375.0424141261889,360.6050720214844
394,379.43604444420856,353.07794189453125
395,374.818299666695,355.3882751464844
396,377.506800112517,358.0498809814453
397,379.5222632366678,348.0325164794922
398,373.90566485861075,355.36688232421875
399,375.5300001061481,354.89837646484375
400,378.05378789487094,356.6716766357422
401,376.00780520231825,345.87095642089844
402,374.2251321543818,362.7935485839844
403,377.7589575726053,364.4898986816406
404,377.32073377526325,358.00511169433594
405,371.06749161430025,365.9719543457031
406,377.52959209939706,362.38287353515625
407,374.3368238366169,347.79490661621094
408,374.81069614576256,358.3633575439453
409,374.9818155039912,353.3191833496094
410,370.3602653171705,360.4314880371094
411,378.55394048276156,352.2480773925781
412,374.00694473930025,367.42478942871094
413,375.6774000084919,358.1803283691406
414,377.8153779403023,351.2779083251953
415,372.7274116847826,354.2489929199219
416,375.8273050059443,353.06471252441406
417,368.79241545304006,356.968017578125
418,373.5460749087126,357.39051818847656
419,376.29533253545344,356.5082092285156
420,373.3230856190557,357.3826141357422
421,372.9406817892323,356.5225067138672
422,376.03844286047894,355.1437072753906
423,372.5099394425102,360.6404724121094
424,371.9893918244735,354.93150329589844
425,372.63921323029894,350.2379608154297
426,370.5722079069718,352.85093688964844
427,374.778088113536,355.2019958496094
428,372.1961364746094,352.6632537841797
429,376.08152173913044,355.2207336425781
430,374.2371593972911,352.42994689941406
431,372.6878728451936,358.40435791015625
432,373.59894992994225,351.2577362060547
433,372.2387071692425,354.7033386230469
434,375.45782338018,358.8369140625
435,374.345667300017,361.58741760253906
436,376.13948125424594,360.6722717285156
437,372.7870297639266,357.7088928222656
438,368.6191087805706,358.2101593017578
439,373.2197929050611,359.99732971191406
440,371.6149238918139,350.3337860107422
441,368.33515200407606,355.31614685058594
442,372.8346703570822,355.18067932128906
443,373.02211595618206,362.1600646972656
444,371.59899636973506,349.6266784667969
445,369.6402707307235,359.44712829589844
446,371.7596674380095,358.6450958251953
447,370.1957224970279,359.3207702636719
448,371.88420237665594,358.0037536621094
449,371.2459756602412,353.1162414550781
450,372.35847539487094,357.5516815185547
451,369.7128043796705,353.7415466308594
452,374.7971748683764,360.1502685546875
453,372.1108000382133,358.33970642089844
454,369.3645477294922,363.7444610595703
455,372.67161759086275,355.3055877685547
456,370.175013003142,351.48423767089844
457,371.9517769191576,362.4978485107422
458,371.384557309358,360.17730712890625
459,369.93022885529894,349.4741973876953
460,373.6452557107677,353.1237335205078
461,366.73513395889944,357.1163635253906
462,370.4547596807065,354.66571044921875
463,369.9675359311311,355.13893127441406
464,370.57031515370244,352.72889709472656
465,371.35396542756456,366.6903991699219
466,369.7559350055197,359.0652313232422
467,381.5098054305367,353.87860107421875
468,381.5211062224015,351.9146728515625
469,376.340540346892,348.4090576171875
470,376.47193311608356,355.5746154785156
471,375.2332843282948,358.6799011230469
472,373.5123463506284,350.43568420410156
473,370.0224768597147,352.56195068359375
474,377.18158357039744,356.9085388183594
475,380.7728815493376,345.6186981201172
476,378.7130763841712,355.6290283203125
477,375.5206006920856,359.6489562988281
478,375.19512740425444,353.2369689941406
479,380.1852742070737,355.1141357421875
480,380.1070901621943,354.52415466308594
481,370.2613246751868,352.79405212402344
482,371.89728579313856,354.9778747558594
483,369.8119201660156,358.27076721191406
484,368.0199651303499,357.23365783691406
485,368.143126114555,353.2000427246094
486,368.35324627420175,359.8090057373047
487,377.06777423361075,349.179931640625
488,374.05882329526156,357.38987731933594
489,373.042909041695,352.0645446777344
490,369.0876663871433,351.54737854003906
491,370.12788855511207,352.8182373046875
492,375.2945676057235,357.5848693847656
493,369.70276807702106,358.75831604003906
494,369.1140441894531,353.07432556152344
495,371.3285734757133,352.2143096923828
496,372.8955940578295,362.2135925292969
497,377.0794657831607,359.41619873046875
498,372.3724325428838,359.3709716796875
499,373.2662552543308,358.12022399902344
500,372.37513135827106,357.1902160644531
501,370.76678864852244,358.4189758300781
502,371.25720347528875,361.5043640136719
503,374.398669698964,360.96971130371094
504,374.01966791567594,360.5057067871094
505,378.6582455842391,357.89013671875
506,372.49968420940894,356.7650604248047
507,369.9113663383152,343.5397491455078
508,368.34191761846125,356.6433868408203
509,372.7845737623132,353.1151123046875
510,369.3705596923828,356.48191833496094
511,369.958379994268,357.9444122314453
512,369.60110672660494,363.5572052001953
513,379.82435541567594,339.5098876953125
514,370.8259270709494,354.91302490234375
515,370.50750334366506,349.7783508300781
516,372.3295075789742,349.7855987548828
517,372.5593241815982,361.0537414550781
518,366.81064970596975,352.54847717285156
519,371.1578209918478,359.2633056640625
520,370.3476522694463,355.8009338378906
521,373.23388406504756,356.37132263183594
522,370.5682917055876,362.61109924316406
523,372.87375408670175,349.6560363769531
524,370.4458644701087,361.16583251953125
525,369.43014260996944,353.88807678222656
526,368.7726135253906,360.07984924316406
527,373.324638698412,367.98536682128906
528,376.36112909731656,345.2344970703125
529,373.0030597189198,346.60731506347656
530,370.8489804475204,349.96307373046875
531,370.0065400496773,356.9022521972656
532,384.3097348420516,353.76976013183594
533,376.4848798668903,356.2758483886719
534,371.9749470586362,359.5493469238281
535,372.38106039296025,356.4425811767578
536,373.6228133491848,357.12620544433594
537,381.8576593813689,369.2962951660156
538,376.5851254670516,355.9021911621094
539,370.9721626613451,350.45448303222656
540,375.2922535771909,353.7646942138672
541,368.85897561778194,357.14605712890625
542,375.57949298361075,357.36065673828125
543,372.45271433954656,354.90391540527344
544,376.33967656674594,362.6014404296875
545,374.81961855681044,359.32183837890625
546,367.5136652407439,363.4144287109375
547,371.57777338442594,365.2431335449219
548,368.200171429178,357.03697204589844
549,368.5400549847147,360.7852020263672
550,370.780053180197,359.4000549316406
551,374.7205412491508,353.5464172363281
552,378.0578958262568,358.6328125
553,373.5249660326087,361.9845275878906
554,373.1944347879161,353.97589111328125
555,375.031762164572,357.51332092285156
556,373.8103929602581,364.0150604248047
557,368.574766739555,354.1651611328125
558,371.38322780443275,363.9935760498047
559,373.2629341457201,358.9862976074219
560,370.67299486243206,357.05157470703125
561,377.0686791461447,355.0384826660156
562,372.2952562415081,356.73577880859375
563,370.6202167013417,363.6531982421875
564,371.8228945524796,359.9769744873047
565,370.68116561226225,362.6689147949219
566,369.54709393045175,363.49717712402344
567,370.478247601053,357.7227783203125
568,373.0518632971722,362.7178192138672
569,372.92455192234206,354.9210510253906
570,372.7817581840183,356.7062530517578
571,372.2881595777429,354.8148498535156
572,371.7861693009086,360.9856262207031
573,374.2859510338825,355.010498046875
574,371.39072584069294,352.1501922607422
575,372.86905570652175,353.57118225097656
576,370.2418491529382,361.4109649658203
577,369.9656690514606,354.14747619628906
578,371.3879354725713,356.3572692871094
579,370.42762557319975,354.6105194091797
580,370.2428058126698,353.6756134033203
581,370.31463224991506,352.2842102050781
582,371.76723314368206,357.7545623779297
583,374.0243676227072,355.22792053222656
584,374.4277144722317,355.1790008544922
585,374.04208772078806,352.3968811035156
586,369.49170651643175,350.8474884033203
587,372.9080691130265,353.646484375
588,368.67989050823707,350.06427001953125
589,369.5625039805537,357.0203399658203
590,371.32778399923575,353.37147521972656
591,373.0999172044837,357.8845672607422
592,377.9118838102921,356.6992492675781
593,377.6201994522758,353.1761169433594
594,373.4625058381454,356.9684295654297
595,372.0759436565897,354.80613708496094
596,374.7074266516644,355.45582580566406
597,374.14177272630775,354.48704528808594
598,370.5734664253567,351.64247131347656
599,371.0071795919667,355.0014190673828
600,374.24418573794156,351.35523986816406
601,374.58129617442256,351.0221252441406
602,373.8599176821501,364.2224426269531
603,378.6552906865659,351.1044921875
604,371.76003497579825,358.26072692871094
605,369.7074571692425,352.82398986816406
606,372.28039683466375,356.6103973388672
607,370.28288202700406,356.93211364746094
608,371.2301609205163,355.5290832519531
609,371.83562436311144,359.46131896972656
610,372.0102366571841,355.8434600830078
611,372.4055242123811,354.6908264160156
612,370.7665219514266,350.67808532714844
613,372.4035591457201,354.5852508544922
614,369.4505681576936,351.53729248046875
615,370.7407160219939,356.8839416503906
616,368.4124397609545,355.32080078125
617,372.2503184442935,359.2041320800781
618,375.95746911090356,356.53948974609375
619,371.1226620881454,353.7529296875
620,368.85826110839844,349.9999084472656
621,372.31573353643,358.7543487548828
622,368.4083251953125,345.6961669921875
623,369.12352653171706,353.44276428222656
624,370.1954239555027,354.502685546875
625,375.05645619268,344.0895538330078
626,376.0618312669837,366.25213623046875
627,370.7218322753906,353.9727478027344
628,370.35079889712125,361.88621520996094
629,374.63466876486075,360.23004150390625
630,375.0754699707031,358.09930419921875
631,372.3030422044837,363.1517333984375
632,373.1876698369565,358.80247497558594
633,370.0164675505265,355.9427490234375
634,369.8463731848675,352.0740203857422
635,372.90468829611075,346.81285095214844
636,373.07803610096806,356.03611755371094
637,371.02141272503394,346.86802673339844
638,369.83745276409644,370.2496032714844
639,368.94314840565556,355.2271270751953
640,368.25272269870925,357.69061279296875
641,369.0262690005095,350.27398681640625
642,372.5270372473675,354.98175048828125
643,370.585217019786,353.10743713378906
644,373.3107034434443,352.41392517089844
645,375.23287167756456,363.58433532714844
646,372.95494743015456,355.28248596191406
647,377.5991038446841,358.0371398925781
648,375.3596848197605,351.9809875488281
649,371.2552689262058,350.3984375
650,371.0797052798064,354.2283477783203
651,369.20692377505094,357.28521728515625
652,368.4532192064368,352.59332275390625
653,370.09223606275475,351.4553527832031
654,367.46703836192256,339.4694366455078
655,371.2706192680027,349.2859649658203
656,370.2914415442425,363.754150390625
657,374.0444641113281,356.52601623535156
658,370.77141139818275,354.0835418701172
659,374.918433147928,369.67840576171875
660,385.17072727369225,349.21827697753906
661,377.60031658670175,369.0100402832031
662,371.2675535782524,365.49462890625
663,374.4185791015625,369.1186218261719
664,371.7181164285411,364.0052795410156
665,368.99484783670175,368.6244354248047
666,369.2586033033288,366.0574951171875
667,370.1115643045177,365.83929443359375
668,375.52942159901494,366.91151428222656
669,371.1541907269022,367.96080017089844
670,375.8384425951087,366.93585205078125
671,367.9202588952106,366.68650817871094
672,372.0238222868546,361.8705139160156
673,368.32728377632475,368.82496643066406
674,371.0243974768597,364.93263244628906
675,370.3054743227751,362.62965393066406
676,371.8386655061141,350.5146484375
677,370.7917679496433,361.5707092285156
678,367.99843232528025,360.890380859375
679,370.6889933710513,364.23573303222656
680,366.89266171662706,357.3988494873047
681,376.53859942892325,352.9586639404297
682,371.5861113175102,355.0303039550781
683,372.1780687415081,347.0056610107422
684,369.06133237092394,356.87010192871094
685,372.9710852581522,359.3419189453125
686,368.9546243418818,365.3979797363281
687,376.27798727284306,375.0807647705078
688,377.9379179581352,366.7884063720703
689,373.7627079175866,359.4914093017578
690,374.5354521378227,364.8504638671875
691,374.8163001019022,397.0939025878906
692,370.09513390582543,374.65464782714844
693,371.09708437712294,381.2472839355469
694,367.12618753184444,374.7048034667969
695,371.936303180197,375.96141052246094
696,367.87999559485394,372.9555969238281
697,369.0307325280231,370.9147491455078
698,369.6827392578125,368.5486755371094
699,367.652471791143,368.37681579589844
700,370.1553915272588,372.64125061035156
701,370.7351591690727,369.3015594482422
702,370.4365778384001,370.4444580078125
703,376.2987657629925,373.1890869140625
704,372.9157197371773,373.76385498046875
705,372.26559978982675,361.7227478027344
706,372.55643960703975,363.9600372314453
707,369.5756039826766,372.97564697265625
708,369.39082402768344,371.10845947265625
709,370.0197554878567,370.4774627685547
710,371.63018997855806,371.5364685058594
711,369.3014698857846,376.8957824707031
712,367.96602133046025,370.6439514160156
713,374.6120539126189,365.8414764404297
714,368.8439589790676,373.27467346191406
715,371.8168839164402,369.102294921875
716,368.7260689113451,373.1370391845703
717,370.2675728175951,369.51292419433594
718,368.9109072477921,367.6602478027344
719,367.0886867357337,370.5483703613281
720,369.9991335661515,364.21458435058594
721,367.40430616295856,363.36756896972656
722,368.17702318274456,366.0531768798828
723,368.93862384298575,366.14703369140625
724,371.15016107973844,361.88182067871094
725,368.5901197350544,361.2945861816406
726,369.89900273862094,364.3108673095703
727,368.8948802118716,374.1987609863281
728,365.31274679432744,368.1733703613281
729,366.1625731095024,360.8251495361328
730,369.7346509850544,374.2245330810547
731,369.6621266240659,364.0889129638672
732,368.4992735489555,362.0669403076172
733,370.6068115234375,361.6819763183594
734,368.70660798445994,362.3483428955078
735,369.81814774222994,360.6995391845703
736,369.4024180536685,361.0741882324219
737,364.2105958358101,359.83935546875
738,366.747314453125,363.21527099609375
739,369.4172787873641,362.8512878417969
740,371.93670654296875,370.80865478515625
741,367.04552293860394,367.08135986328125
742,371.36438120966375,359.76959228515625
743,368.0049411939538,365.7832336425781
744,365.2313776430876,363.09788513183594
745,369.86474609375,357.2702178955078
746,367.6890829335088,368.47071838378906
747,371.2982721743376,365.5104217529297
748,366.5796575131624,356.2915344238281
749,368.73436571204144,358.2969970703125
750,372.6298522949219,357.62457275390625
751,369.2064500891644,373.71974182128906
752,366.0668361497962,361.8569793701172
753,363.20355224609375,364.08033752441406
754,368.3755758534307,362.9699401855469
755,369.124779742697,358.9040222167969
756,366.87399690047556,360.3763732910156
757,369.6635808530061,351.87608337402344
758,374.35930600373644,351.37071228027344
759,370.7378626284392,366.8721466064453
760,368.6937932553499,356.58433532714844
761,370.3584229842476,360.60711669921875
762,367.9218444824219,361.1059265136719
763,365.24157582158625,357.08021545410156
764,365.0374676248302,362.72352600097656
765,366.1033378269361,339.5869445800781
766,364.8640760338825,362.1376495361328
767,370.20511129628056,352.7315979003906
768,364.4270881984545,352.2574157714844
769,371.866407311481,361.99241638183594
770,367.43219790251356,361.1461486816406
771,374.0934036918308,348.4902038574219
772,375.36978812839675,358.08558654785156
773,366.7315275772758,369.1110076904297
774,367.6426006814708,362.3502960205078
775,367.3725605840268,357.4445037841797
776,368.45463893724525,360.18023681640625
777,362.86553822393,354.9182891845703
778,365.70680634871775,361.4515686035156
779,363.95304804262906,364.72169494628906
780,361.4853409476902,370.5149688720703
781,363.1193668531335,356.88536071777344
782,358.3028186300526,365.22705078125
783,364.2026924465014,370.9784393310547
784,365.23358950407606,358.9353332519531
785,366.4744116741678,364.374267578125
786,370.8918019170346,365.78150939941406
787,368.92285421620244,363.43836975097656
788,365.42066889223844,357.7960968017578
789,360.8554607888927,355.6546936035156
790,362.4470772121264,366.2579345703125
791,360.7280565344769,358.16400146484375
792,362.43452121900475,362.1004333496094
793,360.5461359438689,353.33290100097656
794,367.8511617909307,365.704345703125
795,362.69959358547044,362.39324951171875
796,361.817638894786,355.1573791503906
797,361.4688800314198,369.94691467285156
798,369.74122022545856,324.64305114746094
799,395.30038982888925,329.55433654785156
800,395.1467205545177,337.14947509765625
801,391.8026786472486,345.81471252441406
802,392.6537449048913,343.40855407714844
803,382.57263050908625,344.6414794921875
804,379.0360041079314,345.8694152832031
805,378.20075259001356,340.21607971191406
806,377.87396439262056,351.87147521972656
807,375.3396062436311,356.4546356201172
808,383.5153072191321,354.6155700683594
809,385.9410824983016,355.0650177001953
810,376.3343930451766,360.403564453125
811,379.34935196586275,357.02394104003906
812,379.59319006878394,352.3346252441406
813,377.63500711192256,357.2193145751953
814,378.5007390561311,359.2555847167969
815,376.65157284943956,357.005859375
816,375.95057611880094,355.6878356933594
817,377.8462789784307,355.4940185546875
818,377.2731867251189,359.2760467529297
819,370.87041440217394,356.2713928222656
820,370.6722133470618,358.2147216796875
821,371.99369679326594,356.1259460449219
822,373.64739990234375,361.23231506347656
823,373.52814118758494,347.7000427246094
824,375.6734685483186,348.7523193359375
825,373.5001923934273,353.53465270996094
826,373.82794056768,354.7970275878906
827,375.3704780910326,361.89418029785156
828,377.1508722719939,371.1069793701172
829,378.8092319654382,363.3149719238281
830,379.09505164104957,359.91477966308594
831,376.2717106031335,365.1780548095703
832,376.67137942106825,364.6574249267578
833,376.2236752717391,360.413330078125
834,377.0475755774456,363.65419006347656
835,374.76767365828806,365.64979553222656
836,374.21940944505775,358.4752197265625
837,370.4593213952106,364.172607421875
838,377.38053827700406,359.9461975097656
839,372.85871555494225,363.1629333496094
840,371.0329596478006,362.63482666015625
841,370.4508295473845,359.86143493652344
842,373.1215780506963,363.58079528808594
843,371.64970928689706,366.2643737792969
844,373.04331373131794,367.9760284423828
845,377.74431576936144,357.65406799316406
846,374.22454037873644,359.5135192871094
847,373.8591912311056,362.1167449951172
848,372.6181056810462,362.6137390136719
849,376.46316727347994,367.3292236328125
850,369.9693703029467,364.44920349121094
851,375.2947891898777,356.68231201171875
852,371.59924051036006,364.7181091308594
853,373.3192072329314,365.15679931640625
854,374.2923530910326,360.45960998535156
855,374.4107599673064,347.62841796875
856,371.2738037109375,365.8328399658203
857,374.5413274350374,369.31605529785156
858,369.4654222571331,361.89312744140625
859,373.1387057097062,361.12843322753906
860,372.4860640816067,365.55812072753906
861,374.97506050441575,359.2996063232422
862,374.2477921195652,362.42030334472656
863,367.5255505105724,362.9427185058594
864,374.6092821204144,368.1930389404297
865,370.08788598102075,366.88636779785156
866,372.4292343803074,359.48463439941406
867,373.3034734311311,368.94871520996094
868,373.92412732995075,366.98216247558594
869,370.84144393257475,359.6943359375
870,371.52880859375,365.10772705078125
871,375.27227783203125,362.28233337402344
872,374.1111695662789,366.9842224121094
873,374.6247863769531,364.0412292480469
874,373.1941435440727,357.9407196044922
875,371.96819006878394,358.32794189453125
876,370.8550746751868,359.37078857421875
877,372.79619565217394,365.2665252685547
878,378.5298130201257,358.4193878173828
879,372.03153925356656,363.7479248046875
880,374.7694529657779,360.3753967285156
881,372.1598125955333,365.1815185546875
882,371.99552055027175,354.3740997314453
883,365.87391662597656,365.3434753417969
884,375.3428610096807,362.2745361328125
885,373.73892875339675,364.99488830566406
886,374.59214981742525,360.9288024902344
887,369.69405464504075,360.93873596191406
888,370.9371901802395,358.80963134765625
889,371.72981328549594,359.45481872558594
890,373.7220299762228,361.1645965576172
891,370.60237851350206,358.53692626953125
892,367.54190129819125,354.0110168457031
893,368.65309076723844,359.5895690917969
894,372.3114053477412,359.99578857421875
895,371.94635407820994,362.14183044433594
896,373.10528564453125,362.07371520996094
897,373.80561098845106,362.8695068359375
898,382.39408808169156,356.7172393798828
899,370.2400658648947,358.65794372558594
900,372.8508340586787,353.52268981933594
901,372.9486482039742,359.9777374267578
902,369.1045047925866,360.2716064453125
903,369.2195441204569,368.1850128173828
904,371.87118264903194,360.7235870361328
905,370.68427508810294,365.0243682861328
906,369.75334698220956,372.2112274169922
907,376.65574712338656,357.3579406738281
908,368.07108207370925,361.5227966308594
909,373.0843731424083,365.80767822265625
910,369.5527058476987,363.7051696777344
911,372.73171599014944,353.1858215332031
912,375.8644117272419,358.56483459472656
913,370.5483000382133,357.0223693847656
914,370.31909511400306,358.7605438232422
915,370.2401759935462,360.2171936035156
916,366.41447979470956,358.6834411621094
917,371.8071090034817,357.8651428222656
918,370.1473428477412,362.78076171875
919,371.11034293796706,358.23646545410156
920,367.33529397715694,360.2023162841797
921,370.14388241975206,355.22967529296875
922,371.311475670856,359.44593811035156
923,374.9496911090353,356.3678894042969
924,372.7303161621094,356.35108947753906
925,373.3889956266984,351.0361328125
926,369.5387865149456,357.1941833496094
927,368.4402611773947,358.6965026855469
928,368.6614114512568,354.5914306640625
929,370.58362745202106,354.39337158203125
930,368.40112172002375,355.5835723876953
931,369.453404965608,359.8243865966797
932,366.9588981296705,357.8022766113281
933,367.47003571883494,354.2646942138672
934,370.4400289784307,362.2842254638672
935,365.9308683975883,341.1278381347656
936,374.21808922809106,361.40399169921875
937,371.73705125891644,357.3047637939453
938,374.0033250891644,358.6312561035156
939,368.2319282863451,361.35462951660156
940,367.8331882642663,348.3658142089844
941,367.0771504277768,352.37266540527344
942,371.67838585895043,351.25457763671875
943,367.3749933657439,362.1272430419922
944,363.3420947530995,352.20542907714844
945,366.88906329611075,359.85035705566406
946,371.24140200407606,346.9497375488281
947,374.32817409349525,349.2625427246094
948,370.50272269870925,345.9974670410156
949,367.5956593389096,349.3930969238281
950,364.61540155825406,357.2061004638672
951,371.9796036430027,356.16969299316406
952,374.42741725755775,353.89764404296875
953,371.64004781971806,356.2568817138672
954,367.6393989894701,352.2794494628906
955,368.73716802182406,352.3972473144531
956,367.5826661483101,351.79432678222656
957,372.2510800568954,351.5447692871094
958,372.82280299974525,360.1876220703125
959,370.7106296705163,366.8002624511719
960,369.7529814346977,367.20726013183594
961,372.7283577297045,362.72218322753906
962,368.33764184039575,356.00604248046875
963,366.7732597019361,358.968505859375
964,371.36128367548406,361.6036071777344
965,367.97483892026156,352.5113525390625
966,386.4694598654042,343.85137939453125
967,385.59989199431044,357.5168762207031
968,378.4619034476902,352.5741271972656
969,373.82119352921194,355.1261901855469
970,375.50471960979957,350.482177734375
971,372.18263841711956,351.4841613769531
972,369.98957891049594,356.2771911621094
973,368.39377361795175,357.3361511230469
974,370.5635190217391,350.64117431640625
975,368.7010020380435,362.47874450683594
976,369.37496152131456,359.0012969970703
977,364.7383130944294,357.4081268310547
978,369.2710133428159,356.6483612060547
979,366.1635078761889,364.98072814941406
980,366.6889184039572,361.53363037109375
981,369.6751835035241,374.44102478027344
982,375.88247946034306,363.6412811279297
983,365.9974471382473,359.7193145751953
984,362.98868063221806,374.3323516845703
985,370.41416997494906,362.5205383300781
986,364.22341388204825,360.3184814453125
987,364.0511647100034,370.9112854003906
988,368.42496523649794,355.67723083496094
989,371.3051532247792,349.3313903808594
990,363.998291015625,360.2940979003906
991,365.43098317021906,368.2655944824219
992,365.48212466032606,365.50672912597656
993,364.6658643639606,361.44036865234375
994,363.7066942297894,357.05804443359375
995,371.4707495647928,357.9921875
996,362.0634520157524,367.75657653808594
997,368.1394799273947,367.65440368652344
998,364.58254076086956,365.0377197265625
999,366.7257716966712,362.59368896484375
1000,365.5281816565472,352.8375701904297
1001,366.5735155188519,359.6483612060547
1002,369.8633038064708,352.5341339111328
1003,363.009045144786,359.7541809082031
1004,367.99486840289575,360.58934020996094
1005,365.2306611434273,358.3586883544922
1006,366.15860648777175,369.57655334472656
1007,364.34963060461956,352.96376037597656
1008,368.2108114491338,377.1882781982422
1009,368.7955547830333,366.28785705566406
1010,358.2212351923404,362.7195281982422
1011,364.6599937107252,369.6761474609375
1012,368.98993052607,366.73146057128906
1013,363.1843686311141,354.6473388671875
1014,364.7602021590523,348.3807678222656
1015,366.18306035580844,359.2548828125
1016,365.03674581776494,361.18382263183594
1017,358.69494761591375,359.95851135253906
1018,361.7272955853006,364.8921203613281
1019,359.15682718028194,365.9402770996094
1020,362.01576232910156,359.1781921386719
1021,358.78583957837975,366.3803253173828
1022,361.78217746900475,353.72149658203125
1023,359.1921426524287,360.7940673828125
1024,357.9531827180282,362.1410369873047
1025,361.9533532184103,363.7839813232422
1026,356.95479683254075,361.6389617919922
1027,364.17164545473844,353.6773223876953
1028,358.12727422299594,360.9962463378906
1029,361.9500838569973,361.29087829589844
1030,364.5512529456097,368.8254852294922
1031,357.4759693975034,361.1500549316406
1032,361.1596520465353,362.5987243652344
1033,357.61825296153194,368.26841735839844
1034,357.7968006963315,371.76739501953125
1035,355.6778259277344,360.71507263183594
1036,360.7803888735564,361.3615417480469
1037,363.98537080184275,365.3810729980469
1038,383.13181470788044,336.4316101074219
1039,389.4176304029382,347.42144775390625
1040,387.3245292331861,348.9748229980469
1041,373.9332434612772,344.16432189941406
1042,372.4033548106318,341.0421447753906
1043,388.7111736795177,372.64697265625
1044,381.827856976053,352.80609130859375
1045,382.2075128969939,355.68324279785156
1046,380.9813212519107,350.4754333496094
1047,376.5387135381284,353.1043701171875
1048,373.43570211659306,348.9851989746094
1049,378.658751114555,346.8484802246094
1050,373.4912865680197,351.55064392089844
1051,373.9387379521909,360.4606170654297
1052,373.1631482995075,354.55865478515625
1053,369.6485953952955,356.8539581298828
1054,375.8997988493546,359.4672393798828
1055,370.70706375785494,353.0559844970703
1056,369.52080900772756,347.9346466064453
1057,371.7370884107507,358.2021484375
1058,370.1524883767833,358.6627197265625
1059,375.12746661642325,357.31019592285156
1060,373.1061905570652,353.823974609375
1061,376.06345002547556,350.4367980957031
1062,367.0515680727751,350.7205352783203
1063,367.2723322329314,354.55015563964844
1064,364.8964445694633,358.1470642089844
1065,371.1322220512058,357.5402374267578
1066,373.17619854470956,358.3802490234375
1067,372.1631555971892,356.9911651611328
1068,369.7620497993801,357.4222717285156
1069,374.3782441512398,356.38792419433594
1070,370.66278076171875,354.234130859375
1071,370.72685706097144,353.3100280761719
1072,369.9149455194888,350.4180603027344
1073,366.39514425526494,362.7105712890625
1074,367.8670256241508,358.5930938720703
1075,366.0692059060802,353.2003173828125
1076,369.0034498131794,355.49505615234375
1077,373.528424470321,356.3197937011719
1078,369.4953334642493,360.8536071777344
1079,367.8639353876529,355.3603057861328
1080,373.9297717550526,362.20738220214844
1081,374.5190973696501,352.8489990234375
1082,373.40290102751356,354.6057586669922
1083,370.6767578125,355.07057189941406
1084,366.72870934527856,357.9948272705078
1085,367.3889093813689,357.24957275390625
1086,370.9539556088655,371.53094482421875
1087,369.02437492038894,358.7165985107422
1088,370.10084334663725,355.1790466308594
1089,367.148681640625,365.197509765625
1090,365.29153707753056,347.9567413330078
1091,371.9984011442765,356.7442321777344
1092,369.5949892790421,357.9467010498047
1093,372.13354027789575,360.307373046875
1094,369.6919005020805,349.4984130859375
1095,372.5902882451596,362.10374450683594
1096,366.8999421492867,353.9438018798828
1097,370.2658253545346,356.05113220214844
1098,370.46912947944975,349.19227600097656
1099,367.6631622314453,358.3939971923828
1100,372.0597162661345,357.3546447753906
1101,366.64874267578125,361.94842529296875
1102,369.50728574006456,357.4546203613281
1103,372.0682253630265,348.1238098144531
1104,369.2746038022249,363.7158203125
1105,365.75544009001356,358.7970428466797
1106,369.704649552055,361.8164520263672
1107,364.72419274371606,356.9014892578125
1108,363.2467385996943,360.5290069580078
1109,366.7497386103091,355.5758361816406
1110,368.1062635338825,354.8968048095703
1111,373.4552944017493,356.2843780517578
1112,372.1316077190897,347.8545837402344
1113,369.022937277089,367.4857482910156
1114,370.69745669157606,360.97601318359375
1115,371.5244299847147,361.02317810058594
1116,369.3449209462041,367.080810546875
1117,369.9315013056216,360.796142578125
1118,370.4468290909477,356.4775390625
1119,372.9021294635275,347.6266784667969
1120,371.83272452976394,356.25865173339844
1121,370.6229407269022,364.7528839111328
1122,373.5912064262058,361.99119567871094
1123,367.5775285803753,355.5268249511719
1124,370.0907446819803,360.3683624267578
1125,373.0037801991338,365.3311462402344
1126,364.5615877897843,361.1418151855469
1127,369.6862447987432,359.8238220214844
1128,363.18036021357,361.51544189453125
1129,365.95062255859375,362.38096618652344
1130,368.0545720639436,354.161376953125
1131,371.2496118960173,349.5228576660156
1132,372.20069686226225,366.8029022216797
1133,376.4046697201936,352.61029052734375
1134,372.74333655315894,342.41522216796875
1135,370.18796174422556,353.3917236328125
1136,373.3068383258322,348.5626678466797
1137,376.9328719429348,356.6227264404297
1138,367.5005347210428,353.04522705078125
1139,372.87662539274794,349.25213623046875
1140,369.4856501040251,347.81849670410156
1141,370.2711075492527,350.63885498046875
1142,369.9342837126359,347.8842315673828
1143,369.99489228621775,353.7059631347656
1144,370.50094339121944,355.5426940917969
1145,375.73823215650475,352.7478942871094
1146,365.7324623439623,355.4659423828125
1147,370.5654854152514,350.1127166748047
1148,366.0874965501868,352.33937072753906
1149,368.78478672193444,356.95469665527344
1150,364.61921758237094,355.54766845703125
1151,373.5506299889606,348.54661560058594
1152,375.6582707944124,330.05035400390625
1153,369.8435781727666,365.9717102050781
1154,369.81959334663725,364.3069763183594
1155,372.1520120371943,352.55108642578125
1156,370.33360887610394,363.504638671875
1157,371.75810175356656,351.32737731933594
1158,372.2886962890625,364.8497772216797
1159,371.764219864555,350.2291259765625
1160,373.76183816661006,344.00257873535156
1161,366.6142226509426,351.36314392089844
1162,366.51099495265794,350.3653259277344
1163,370.66667108950406,348.5620422363281
1164,367.6008645762568,349.81768798828125
1165,367.2185642408288,350.884033203125
1166,366.2467744246773,350.0749206542969
1167,364.4379245923913,350.8928527832031
1168,367.2618846064029,373.76873779296875
1169,368.59408303965694,361.33135986328125
1170,365.591993248981,358.18040466308594
1171,363.8250931449558,356.20484924316406
1172,370.7583770751953,354.23439025878906
1173,369.4282624617867,353.1669006347656
1174,366.56777025305706,354.59442138671875
1175,367.86352074664575,349.2857666015625
1176,367.0745783266814,359.5469970703125
1177,366.1913080630095,356.50616455078125
1178,368.25417560079825,356.57843017578125
1179,374.29174539317256,342.6137237548828
1180,371.07662300441575,357.7736053466797
1181,373.491687277089,340.4055480957031
1182,372.2158269467561,346.7563781738281
1183,373.9790662682575,353.8639678955078
1184,372.78202753481656,349.54432678222656
1185,370.9130753226902,355.9166717529297
1186,368.0242853579314,353.22259521484375
1187,368.32355930494225,357.72987365722656
1188,366.4999097741169,346.8219451904297
1189,368.01856795601225,350.47265625
1190,370.06794805112094,351.9498748779297
1191,366.2573295261549,356.4947052001953
1192,370.2965684973675,348.37176513671875
1193,371.59314893639606,366.2359313964844
1194,368.13980367909306,352.6249084472656
1195,371.95051110309106,355.37416076660156
1196,366.6284484863281,356.15081787109375
1197,367.932268889054,357.3002166748047
1198,370.11560987389606,360.0991668701172
1199,370.7579451851223,354.8868103027344
1200,370.6896740457286,359.52784729003906
1201,371.72651738705844,365.3334197998047
1202,365.2601955247962,361.8699035644531
1203,367.23101010529894,362.6951446533203
1204,367.4275645380435,367.46319580078125
1205,363.11114369268,360.2091827392578
1206,364.843273660411,373.1435089111328
1207,373.3069909137228,364.5356750488281
1208,370.3706797724185,368.57972717285156
1209,368.0619015900985,361.08909606933594
1210,372.66552734375,368.19496154785156
1211,366.00315259850544,364.7745819091797
1212,367.05141813858694,368.07908630371094
1213,371.6507230012313,349.62425231933594
1214,372.3338623046875,351.9896545410156
1215,364.4330676534901,349.1761779785156
1216,367.61300393809444,350.9208984375
1217,368.9025334897249,355.78746032714844
1218,370.63554315981656,340.27354431152344
1219,369.7644918690557,367.3678894042969
1220,373.2728788956352,351.9635772705078
1221,368.57932646378225,351.13563537597656
1222,369.31087991465694,353.7377166748047
1223,372.02098282523775,355.0821075439453
1224,365.99374455991,346.1426544189453
1225,367.53763082753056,360.9837341308594
1226,369.935034710428,361.5212707519531
1227,369.68180382770043,356.3246765136719
1228,369.96720156462294,339.5776062011719
1229,365.5026576829993,363.67970275878906
1230,367.0292384935462,354.7413787841797
1231,368.99768331776494,365.37005615234375
1232,369.0618723993716,358.1117858886719
1233,369.5863906196926,365.75209045410156
1234,369.3706678307575,360.07115173339844
1235,366.20774841308594,360.08949279785156
1236,362.7716581925102,354.8363494873047
1237,363.17672066066575,357.0610656738281
1238,368.5733868142833,361.5805206298828
1239,373.43308423913044,361.6651306152344
1240,368.48548690132475,361.1173400878906
1241,368.6636180048404,359.25994873046875
1242,364.5190350076427,358.1229553222656
1243,368.9385309634001,359.47410583496094
1244,368.72943513289744,354.3199005126953
1245,368.8355593474015,359.7800598144531
1246,365.02194147524625,359.9223327636719
1247,368.84523607336956,353.35064697265625
1248,366.0825188678244,353.0018615722656
1249,368.7314074972401,329.16294860839844
1250,365.38001350734544,342.78404235839844
1251,366.46180128014606,352.57850646972656
1252,366.0174208931301,362.0107421875
1253,371.8491290548573,357.11273193359375
1254,370.66860563858694,356.6104736328125
1255,370.6832938816236,351.8269805908203
1256,374.36985248068106,353.95252990722656
1257,369.4093176800272,354.2939453125
1258,368.72828475288725,355.4779968261719
1259,365.4686212954314,352.2005615234375
1260,368.93947435461956,354.20823669433594
1261,366.74481997282606,354.5881805419922
1262,367.744197016177,354.74232482910156
1263,371.9876350734545,351.12916564941406
1264,365.0612919019616,351.49754333496094
1265,368.4841202445652,359.92103576660156
1266,367.3459412947945,350.75726318359375
1267,366.1278553838315,363.94464111328125
1268,370.47624140200406,361.24298095703125
1269,362.27404055388075,356.5713653564453
1270,368.5651961616848,349.7703094482422
1271,363.5559380572775,349.89068603515625
1272,372.1991046407948,361.1885070800781
1273,365.6531763491423,362.8194122314453
1274,368.7051239013672,360.7387390136719
1275,365.1655207094939,376.2567138671875
1276,365.10473367442256,366.5646667480469
1277,364.37625918181044,356.8730926513672
1278,370.06636113705844,370.54200744628906
1279,367.0682479194973,362.03106689453125
1280,366.12092125934106,362.42608642578125
1281,367.7963761039402,361.44590759277344
1282,362.61834716796875,360.1427307128906
1283,360.004430356233,364.07200622558594
1284,365.8626523225204,360.95509338378906
1285,366.61719214397925,349.2020721435547
1286,364.9393436597741,350.6580810546875
1287,358.9786728568699,350.8458709716797
1288,365.8796280570652,359.25860595703125
1289,370.7964185631794,351.2672576904297
1290,366.4091120180876,354.5443878173828
1291,363.5895943019701,360.9892272949219
1292,366.50160814368206,359.01930236816406
1293,366.4777453878651,358.9060363769531
1294,366.64913675059444,365.1186981201172
1295,372.9994838548743,354.6311798095703
1296,370.4622066331946,353.9152374267578
1297,371.40237692128056,359.9524230957031
1298,361.67947454037875,362.56781005859375
1299,357.61534317680025,357.96514892578125
1300,360.5350779657779,364.84934997558594
1301,364.0573975936226,361.74720764160156
1302,355.10290859056556,373.9322052001953
1303,360.8723038383152,371.1597137451172
1304,361.5320381496264,364.45191955566406
1305,360.9331014881963,372.5433807373047
1306,354.95671545940894,359.6263885498047
1307,361.0170699409817,363.8915557861328
1308,356.35717906122625,359.1072540283203
1309,356.00259664784306,366.94300842285156
1310,362.61411451256794,360.7145538330078
1311,369.36396325152856,353.8155212402344
1312,363.52887759001356,357.4501647949219
1313,363.5296445100204,355.0257873535156
1314,366.52920134171194,357.0242614746094
1315,354.96989573603094,359.01451110839844
1316,361.5847725246264,362.6257019042969
1317,362.88525655995244,356.2798767089844
1318,360.98825404954994,378.7274475097656
1319,362.12573109502375,353.76890563964844
1320,363.0016187584919,362.1973419189453
1321,358.5541076660156,352.6228790283203
1322,359.4059634001359,362.94752502441406
1323,362.26129946501356,357.7857360839844
1324,359.5648312775985,366.8155212402344
1325,357.3631538722826,354.0518798828125
1326,361.3226371433424,386.40516662597656
1327,369.46433025857675,355.6876525878906
1328,363.66898445461106,363.34832763671875
1329,360.7949776027514,360.18653869628906
1330,357.95435897163725,364.42724609375
1331,355.3919956373132,364.268798828125
1332,361.1737962805706,361.0284423828125
1333,363.6834159519361,353.1225128173828
1334,360.2211953868037,362.7877655029297
1335,355.863340958305,360.1511535644531
1336,361.9401503853176,360.1131286621094
1337,358.7411406143852,361.6277618408203
1338,359.6148681640625,366.95899963378906
1339,356.22923345151156,368.3259735107422
1340,360.32771168584406,365.8014373779297
1341,357.7122643512228,370.6476745605469
1342,359.6348598314368,364.6769104003906
1343,360.106805552607,370.1865997314453
1344,357.8344467826511,366.7830505371094
1345,361.6287602963655,380.3033142089844
1346,356.8196457572605,358.937255859375
1347,359.9206317404042,361.5902404785156
1348,362.4210324494735,368.42393493652344
1349,353.59189373513925,376.5812225341797
1350,356.6669006347656,369.6031951904297
1351,354.5056072732677,353.1193084716797
1352,352.0456649116848,365.20928955078125
1353,354.5280177904212,375.0699005126953
1354,362.2180958623471,377.32264709472656
1355,355.30537082837975,369.44720458984375
1356,363.70002282184106,364.8695831298828
1357,364.4588045866593,345.58746337890625
1358,366.96049963909644,363.26995849609375
1359,362.10712067977244,352.80792236328125
1360,359.84563412873644,359.42662048339844
1361,363.3794462784477,371.33531188964844
1362,365.179931640625,355.3064880371094
1363,359.8590512483016,358.7331237792969
1364,359.2420136824898,367.5027618408203
1365,358.1628597093665,372.5912170410156
1366,354.1978719960088,363.911865234375
1367,350.5628370202106,366.49794006347656
1368,355.34394902768344,368.4713592529297
1369,351.9175826362942,345.3428497314453
1370,370.1635463548743,365.44842529296875
1371,364.09671816618544,366.7969970703125
1372,361.40091141410494,371.21665954589844
1373,364.8625886336617,371.5096130371094
1374,362.61006894318956,380.6621551513672
1375,357.2815936544667,365.51625061035156
1376,361.4804979407269,367.18280029296875
1377,368.0314662767493,372.8592071533203
1378,361.79554549507475,374.489501953125
1379,358.1897795304008,368.6759338378906
1380,356.55150040336275,374.85621643066406
1381,358.0642395019531,368.9163513183594
1382,356.7927020529042,378.650390625
1383,354.03935175356656,367.5911560058594
1384,352.0884412682575,362.7359924316406
1385,354.7767280910326,369.5617980957031
1386,350.89925351350206,373.9742126464844
1387,350.59480351987094,342.6259002685547
1388,354.5310231084409,385.25062561035156
1389,361.3781897503397,363.15245056152344
1390,356.22153108016306,367.4269561767578
1391,346.0810772439708,352.4370880126953
1392,350.98363926099694,378.2869110107422
1393,347.61088495669156,356.90818786621094
1394,352.16722704016644,376.39892578125
1395,346.5144334876019,362.2608642578125
1396,352.96871749214506,362.61566162109375
1397,349.53644594938856,360.2827911376953
1398,345.2748824409817,354.0741271972656
1399,353.4320851201596,372.0256042480469
1400,349.1564662767493,358.9270477294922
1401,343.4270603345788,378.43199157714844
1402,346.14270152216375,365.10504150390625
1403,346.03125928795856,361.64881896972656
1404,347.4509330417799,349.56141662597656
1405,346.37156743588656,366.7944793701172
1406,344.3926962147588,377.7711639404297
1407,345.5206982156505,362.0325927734375
1408,344.39917323900306,354.31097412109375
1409,348.0538383152174,353.9067840576172
1410,349.90406202233356,364.8226776123047
1411,349.9238347592561,359.0612335205078
1412,347.94429082455844,379.34442138671875
1413,362.9691201914912,380.7743682861328
1414,359.54070646866506,369.2374267578125
1415,360.525262583857,369.3544464111328
1416,358.78990969450575,381.84075927734375
1417,362.1286820121433,373.6812286376953
1418,356.10803687054175,374.1488494873047
1419,361.4946580969769,365.4237518310547
1420,346.8448021930197,362.2020568847656
1421,349.3287035071331,382.14720153808594
1422,342.7262221626614,354.2751770019531
1423,345.4433301842731,406.39918518066406
1424,352.89045383619225,362.11322021484375
1425,345.46855097231656,367.75559997558594
1426,347.9321010423743,370.08856201171875
1427,352.687151701554,354.71778869628906
1428,345.43060899817425,357.4054412841797
1429,345.83281409222144,357.6317901611328
1430,342.24829366932744,362.74591064453125
1431,343.266961802607,376.63645935058594
1432,346.7771533468495,365.34718322753906
1433,345.6505929698115,360.9618682861328
1434,343.4804223102072,367.89601135253906
1435,342.16156403914744,364.1569366455078
1436,348.2975914996603,370.5629119873047
1437,358.27437293011207,347.32115173339844
1438,367.0873559039572,352.39891052246094
1439,362.1862036663553,369.46319580078125
1440,365.3507425059443,361.39186096191406
1441,361.53270555579144,361.73179626464844
1442,358.20182335895043,344.47642517089844
1443,357.67883035411006,350.1670837402344
1444,358.2022220777429,347.6492004394531
1445,359.3074009107507,355.3142395019531
1446,354.2278031058933,355.6288757324219
1447,357.12567271357,352.5511474609375
1448,359.3334894594939,354.93798828125
1449,359.7856850002123,340.1824493408203
1450,365.6307081139606,363.1512908935547
1451,366.62687218707543,360.5900115966797
1452,359.3000435207201,350.93601989746094
1453,361.5256924836532,368.11663818359375
1454,358.34973608929175,349.84324645996094
1455,363.18512759001356,355.9768371582031
1456,363.0791897981063,359.1647491455078
1457,356.1279077944548,365.52720642089844
1458,360.4641007133152,363.20970153808594
1459,359.2391304347826,365.30889892578125
1460,358.32520858101225,358.9689483642578
1461,356.0897176991338,360.57122802734375
1462,354.80562558381456,359.1364440917969
1463,357.4275817871094,347.3277893066406
1464,361.0937340777853,367.0899200439453
1465,350.8282490605893,357.5474853515625
1466,358.2042037300442,337.9766082763672
1467,373.589807925017,347.16917419433594
1468,367.50720347528875,371.1808624267578
1469,364.5035884691321,363.07859802246094
1470,360.5351157810377,359.23536682128906
1471,361.4293856413468,380.1546936035156
1472,353.3065178912619,373.686767578125
1473,353.72862243652344,378.4558563232422
1474,352.9669269064198,375.95849609375
1475,350.2694277556046,360.41912841796875
1476,354.8510762090268,364.17945861816406
1477,350.9873590884001,369.36183166503906
1478,346.4111168902853,375.69927978515625
1479,348.81230893342394,346.70404052734375
1480,362.0277557373047,347.7284851074219
1481,350.7785339355469,371.2628479003906
1482,350.7652786918308,358.11175537109375
1483,348.0721953018852,361.08375549316406
1484,352.46744570524794,376.63731384277344
1485,352.41306072732675,350.94456481933594
1486,346.01121122940725,371.6650390625
1487,353.99552055027175,373.96778869628906
1488,348.8977833623471,370.8680725097656
1489,345.4356251592221,375.82826232910156
1490,356.2962341308594,376.58448791503906
1491,358.24483987559444,372.3124694824219
1492,352.37177707837975,360.09918212890625
1493,349.9066507090693,356.57252502441406
1494,352.37249357804006,365.5699768066406
1495,345.3044353982677,365.5992431640625
1496,350.7896828029467,366.6293029785156
1497,350.5766535219939,359.0293273925781
1498,349.43269414487094,359.1933135986328
1499,343.2156285824983,356.234619140625
