TestTime,Amps,Volts,Temp 1
0.0,-2.79942,4.004578,
0.1600000000325963,-2.799878,4.002441,
0.3300000000745058,-2.800031,4.001221,
0.5500000000465661,-2.799878,4.0,
0.8100000000558794,-2.800031,3.998779,
1.150000000023283,-2.800031,3.997559,
1.4899999999906868,-2.799878,3.996643,
1.9100000000325963,-2.800183,3.995727,
2.340000000083819,-2.800031,3.994812,
2.800000000046566,-2.800031,3.993896,
3.4100000000325963,-2.800031,3.992981,
4.0200000000186265,-2.799878,3.99176,
4.930000000051223,-2.800031,3.990845,
5.590000000083819,-2.800031,3.989624,
6.590000000083819,-2.799878,3.988708,
7.820000000065193,-2.799725,3.987793,
8.630000000004657,-2.800183,3.986877,
9.910000000032596,-2.799878,3.985962,
11.160000000032596,-2.799878,3.985046,
12.78000000002794,-2.799878,3.984131,
14.67000000004191,-2.800031,3.983215,
16.160000000032596,-2.800031,3.9823,
17.360000000102445,-2.799725,3.981384,
19.39000000001397,-2.800031,3.980468,
21.610000000102445,-2.800031,3.979553,
23.95000000006985,-2.800031,3.978637,
26.510000000009313,-2.800031,3.977722,
29.080000000074506,-2.799878,3.976806,
32.220000000088476,-2.799878,3.975586,
36.27000000001863,-2.799878,3.97467,
40.02000000001863,-2.800031,3.973754,
42.68000000005122,-2.799878,3.972839,
45.20000000006985,-2.799878,3.971923,
49.23999999999069,-2.800336,3.971008,
53.330000000074506,-2.799878,3.970092,
57.89000000001397,-2.799878,3.969177,
62.36999999999534,-2.799725,3.968261,
66.07000000006519,-2.800031,3.967346,
71.52000000001863,-2.800183,3.96643,
77.35000000009313,-2.799878,3.965515,
80.94000000006054,-2.800336,3.964599,
85.8300000000745,-2.800031,3.963684,
91.28000000002794,-2.799878,3.962463,
98.03000000002794,-2.800031,3.961242,
105.57000000006519,-2.799878,3.960327,
111.4100000000326,-2.799878,3.959411,
117.93000000005122,-2.799725,3.958495,
123.21000000007916,-2.800031,3.957275,
131.19000000006054,-2.799878,3.956359,
135.69000000006054,-2.800031,3.955444,
140.1700000000419,-2.800031,3.954528,
147.54000000003725,-2.800031,3.953613,
152.61999999999534,-2.799725,3.952697,
158.31000000005588,-2.800031,3.951781,
164.15000000002328,-2.799878,3.950561,
171.14000000001397,-2.800183,3.949645,
178.0700000000652,-2.800031,3.948425,
184.31000000005588,-2.799878,3.947509,
187.85000000009313,-2.799878,3.946593,
193.27000000001863,-2.800031,3.945678,
198.3200000000652,-2.799878,3.944762,
204.43000000005122,-2.800031,3.943847,
209.0700000000652,-2.799878,3.942931,
213.28000000002794,-2.799725,3.942016,
218.45000000006985,-2.800031,3.9411,
223.0800000000745,-2.800031,3.940185,
226.86999999999534,-2.799878,3.939269,
231.9200000000419,-2.799878,3.938048,
236.54000000003725,-2.799878,3.937133,
240.4800000000978,-2.799878,3.936217,
245.0,-2.800183,3.935302,
249.0800000000745,-2.800183,3.934386,
252.93000000005122,-2.799878,3.933471,
256.9899999999907,-2.800031,3.932555,
261.0,-2.799878,3.93164,
264.79000000003725,-2.800031,3.930724,
268.86000000010245,-2.800031,3.929808,
271.4100000000326,-2.800183,3.928893,
274.9700000000885,-2.800183,3.927977,
278.71000000007916,-2.799725,3.927062,
282.5200000000186,-2.800183,3.926146,
285.5900000000838,-2.799878,3.925231,
289.8300000000745,-2.799878,3.924315,
293.36000000010245,-2.800031,3.9234,
297.03000000002794,-2.800031,3.922484,
300.1500000000233,-2.800031,3.921569,
303.0,-2.800336,3.920348,
306.5100000000093,-2.800183,3.919432,
310.4200000000419,-2.799878,3.918517,
313.9300000000512,-2.799878,3.917601,
317.11000000010245,-2.800031,3.916686,
320.11000000010245,-2.800031,3.91577,
323.5200000000186,-2.800031,3.914549,
327.75,-2.799878,3.913634,
330.89000000001397,-2.800031,3.912718,
333.5,-2.800031,3.911803,
335.9200000000419,-2.799878,3.910887,
339.4200000000419,-2.800183,3.909972,
342.3400000000838,-2.800031,3.909056,
345.2300000000978,-2.800031,3.908141,
348.2600000000093,-2.800031,3.907225,
351.5800000000745,-2.800183,3.906004,
355.4800000000978,-2.799725,3.904784,
359.2399999999907,-2.800031,3.903868,
361.6600000000326,-2.799878,3.902953,
364.3400000000838,-2.799725,3.902037,
367.4899999999907,-2.799725,3.901122,
369.86000000010245,-2.800183,3.900206,
373.1700000000419,-2.800183,3.89929,
376.4000000000233,-2.800031,3.898375,
379.10000000009313,-2.799878,3.897154,
382.96000000007916,-2.800031,3.896239,
385.4000000000233,-2.799878,3.895323,
387.78000000002794,-2.799878,3.894408,
390.28000000002794,-2.799878,3.893492,
393.3200000000652,-2.799878,3.892576,
396.38000000000466,-2.799878,3.891356,
399.75,-2.800031,3.89044,
402.61999999999534,-2.800031,3.889525,
405.46000000007916,-2.800031,3.888609,
408.36999999999534,-2.799878,3.887694,
410.85000000009313,-2.799878,3.886473,
413.70000000006985,-2.800031,3.885557,
416.45000000006985,-2.800183,3.884337,
419.80000000004657,-2.800031,3.883421,
422.9700000000885,-2.800183,3.8822,
426.28000000002794,-2.800031,3.88098,
429.8300000000745,-2.800031,3.880064,
432.61000000010245,-2.799878,3.879149,
435.25,-2.799878,3.878233,
437.6800000000512,-2.800031,3.877317,
439.6500000000233,-2.800183,3.876402,
441.89000000001397,-2.800183,3.875486,
444.5200000000186,-2.800183,3.874571,
447.4300000000512,-2.799725,3.873655,
450.29000000003725,-2.800183,3.87274,
452.61999999999534,-2.799878,3.871519,
456.1600000000326,-2.800031,3.870603,
458.71000000007916,-2.800031,3.869688,
461.1500000000233,-2.800031,3.868772,
462.9300000000512,-2.799878,3.867857,
466.11999999999534,-2.799878,3.866941,
468.4700000000885,-2.800031,3.866026,
470.89000000001397,-2.799878,3.86511,
473.70000000006985,-2.799878,3.864195,
476.2300000000978,-2.799725,3.863279,
479.4700000000885,-2.799878,3.862364,
481.9899999999907,-2.799725,3.861448,
484.30000000004657,-2.799878,3.860533,
486.5800000000745,-2.800031,3.859312,
489.5200000000186,-2.799878,3.858396,
492.2300000000978,-2.800031,3.857481,
495.1800000000512,-2.800031,3.856565,
497.95000000006985,-2.799878,3.85565,
500.3200000000652,-2.799878,3.854734,
503.19000000006054,-2.799878,3.853819,
505.88000000000466,-2.799725,3.852598,
509.1600000000326,-2.799878,3.851377,
511.7300000000978,-2.799878,3.850462,
514.5,-2.800031,3.849241,
517.9200000000419,-2.799878,3.848325,
521.0600000000559,-2.800183,3.84741,
523.3100000000559,-2.799878,3.846494,
526.6199999999953,-2.799725,3.845274,
529.8400000000838,-2.800031,3.844358,
532.2700000000186,-2.799878,3.843442,
535.5200000000186,-2.799878,3.842222,
538.2700000000186,-2.799878,3.841306,
540.6199999999953,-2.800183,3.840391,
543.640000000014,-2.800031,3.839475,
546.3300000000745,-2.799878,3.83856,
549.0300000000279,-2.799878,3.837644,
552.2700000000186,-2.800183,3.836728,
554.640000000014,-2.799878,3.835813,
557.5200000000186,-2.800031,3.834897,
560.1900000000605,-2.800031,3.833677,
562.8400000000838,-2.800031,3.832761,
565.7200000000885,-2.800183,3.831846,
568.9500000000698,-2.799878,3.83093,
571.7600000000093,-2.799878,3.829709,
575.7600000000093,-2.800031,3.828794,
578.6100000001024,-2.800031,3.827878,
581.3800000000047,-2.799878,3.826963,
584.7900000000373,-2.799878,3.825742,
587.8699999999953,-2.799878,3.824826,
590.1199999999953,-2.799878,3.823911,
592.9100000000326,-2.799878,3.82269,
596.7700000000186,-2.799878,3.821775,
600.0500000000466,-2.799878,3.820859,
602.4300000000512,-2.800183,3.819944,
606.0700000000652,-2.800031,3.819028,
608.9500000000698,-2.799725,3.817807,
613.0700000000652,-2.799878,3.816892,
614.8100000000559,-2.800031,3.815976,
618.4400000000605,-2.800031,3.814755,
622.1700000000419,-2.800031,3.81384,
625.8699999999953,-2.799725,3.812924,
628.8600000001024,-2.800031,3.811704,
632.3200000000652,-2.799725,3.810788,
635.7000000000698,-2.800031,3.809873,
639.1100000001024,-2.799878,3.808957,
642.3000000000466,-2.799878,3.808042,
645.2300000000978,-2.799878,3.806821,
649.2200000000885,-2.799573,3.805905,
652.3000000000466,-2.799878,3.80499,
656.0,-2.800031,3.804074,
658.75,-2.799878,3.803159,
662.75,-2.800031,3.802243,
666.140000000014,-2.800031,3.801328,
669.8500000000931,-2.799878,3.800107,
673.2600000000093,-2.799878,3.799191,
675.8200000000652,-2.799878,3.798276,
679.9899999999907,-2.799878,3.797055,
684.5300000000279,-2.800031,3.796139,
688.0,-2.800031,3.795224,
691.1300000000047,-2.800183,3.794308,
694.8100000000559,-2.800031,3.793393,
699.1800000000512,-2.799878,3.792477,
702.8200000000652,-2.800031,3.791562,
706.0900000000838,-2.799878,3.790341,
709.5100000000093,-2.799878,3.789425,
713.1700000000419,-2.800183,3.78851,
716.9899999999907,-2.800031,3.787594,
720.6500000000233,-2.799725,3.786679,
724.8100000000559,-2.800183,3.785763,
727.7000000000698,-2.799878,3.784848,
731.8400000000838,-2.800031,3.783932,
735.9200000000419,-2.799725,3.783017,
739.640000000014,-2.799878,3.782101,
742.9500000000698,-2.799725,3.78088,
747.4100000000326,-2.799878,3.779965,
751.2200000000885,-2.800336,3.778744,
756.6800000000512,-2.799878,3.777829,
760.8800000000047,-2.799878,3.776913,
764.6800000000512,-2.800183,3.775998,
769.3100000000559,-2.800183,3.775082,
772.75,-2.800336,3.773861,
778.2399999999907,-2.799878,3.772641,
782.1100000001024,-2.800031,3.771725,
786.1800000000512,-2.800183,3.770809,
790.3100000000559,-2.799878,3.769894,
793.890000000014,-2.799878,3.768978,
798.9000000000233,-2.799725,3.768063,
802.4400000000605,-2.800031,3.767147,
806.5800000000745,-2.799878,3.766232,
811.2900000000373,-2.800183,3.765316,
815.2900000000373,-2.799878,3.764096,
819.4400000000605,-2.800031,3.76318,
823.75,-2.799725,3.762264,
828.3200000000652,-2.800031,3.761349,
832.9600000000792,-2.800031,3.760433,
836.5500000000466,-2.800183,3.759518,
840.7399999999907,-2.799878,3.758602,
845.2000000000698,-2.800031,3.757687,
849.6100000001024,-2.799878,3.756771,
853.7800000000279,-2.799725,3.755856,
857.1700000000419,-2.799878,3.75494,
860.9800000000978,-2.799878,3.754025,
864.3699999999953,-2.800031,3.753109,
869.25,-2.799878,3.752193,
873.2800000000279,-2.799878,3.751278,
878.2000000000698,-2.799725,3.750362,
882.1500000000233,-2.800031,3.749447,
886.4400000000605,-2.800031,3.748531,
889.7900000000373,-2.799878,3.747616,
894.1300000000047,-2.799878,3.7467,
897.6199999999953,-2.799725,3.745785,
901.5600000000559,-2.800031,3.744869,
906.1100000001024,-2.800183,3.743954,
910.4100000000326,-2.800031,3.743038,
914.4899999999907,-2.800183,3.742123,
918.6900000000605,-2.800031,3.741207,
922.9800000000978,-2.800031,3.740291,
926.5,-2.799878,3.739376,
931.1600000000326,-2.799725,3.73846,
934.3300000000745,-2.800031,3.737545,
937.7300000000978,-2.800031,3.736629,
942.390000000014,-2.799725,3.735714,
946.6900000000605,-2.800336,3.734798,
950.7700000000186,-2.800031,3.733883,
954.6800000000512,-2.799878,3.732967,
958.9300000000512,-2.800031,3.732052,
963.0700000000652,-2.800031,3.731136,
967.4500000000698,-2.799878,3.729915,
971.25,-2.800031,3.729,
974.6900000000605,-2.800031,3.728084,
979.2399999999907,-2.799878,3.727169,
982.9200000000419,-2.800031,3.726253,
987.2900000000373,-2.799878,3.725338,
991.3800000000047,-2.800031,3.724422,
995.5800000000745,-2.800031,3.723507,
999.4600000000792,-2.800183,3.722591,
1003.5500000000466,-2.799878,3.721675,
1007.6500000000233,-2.799878,3.720455,
1011.7800000000279,-2.799725,3.719539,
1015.2000000000698,-2.799878,3.718624,
1019.2000000000698,-2.799878,3.717708,
1023.1800000000512,-2.800183,3.716793,
1027.3699999999953,-2.799725,3.715877,
1030.9600000000792,-2.800031,3.714961,
1035.0700000000652,-2.800031,3.713741,
1039.9500000000698,-2.800031,3.71252,
1043.1800000000512,-2.800031,3.711604,
1047.2700000000186,-2.800031,3.710689,
1051.640000000014,-2.800031,3.709468,
1056.0800000000745,-2.800031,3.708553,
1059.7100000000792,-2.800031,3.707637,
1063.6199999999953,-2.800183,3.706722,
1067.3699999999953,-2.800031,3.705806,
1071.4400000000605,-2.799878,3.704585,
1075.8000000000466,-2.800031,3.70367,
1079.030000000028,-2.800031,3.702754,
1082.170000000042,-2.800183,3.701839,
1086.1300000000047,-2.800031,3.700923,
1089.7600000000093,-2.800031,3.700008,
1093.4100000000326,-2.800183,3.699092,
1096.9400000000605,-2.800031,3.698177,
1100.5,-2.800183,3.697261,
1104.5900000000838,-2.799725,3.69604,
1109.0800000000745,-2.800031,3.695125,
1112.3600000001024,-2.800031,3.694209,
1115.2000000000698,-2.800031,3.693294,
1119.1800000000512,-2.799725,3.692073,
1124.2600000000093,-2.799725,3.691157,
1127.2900000000373,-2.800031,3.690242,
1130.9300000000512,-2.799878,3.689326,
1134.4700000000885,-2.800031,3.688106,
1138.8400000000838,-2.800031,3.68719,
1142.890000000014,-2.799878,3.686275,
1145.6199999999953,-2.800031,3.685359,
1148.9700000000885,-2.799878,3.684443,
1152.3800000000047,-2.800183,3.683528,
1155.9700000000885,-2.800031,3.682612,
1159.1000000000931,-2.800031,3.681697,
1162.8500000000931,-2.800336,3.680781,
1166.530000000028,-2.800183,3.679866,
1168.9100000000326,-2.799878,3.67895,
1173.1500000000233,-2.799878,3.678035,
1175.5600000000559,-2.799878,3.677119,
1178.390000000014,-2.799878,3.676204,
1183.140000000014,-2.800031,3.674983,
1186.8800000000047,-2.800031,3.674067,
1190.2100000000792,-2.800183,3.673152,
1193.7399999999907,-2.800031,3.672236,
1197.4300000000512,-2.800031,3.671321,
1200.6000000000931,-2.800183,3.670405,
1204.4899999999907,-2.800031,3.669184,
1207.7200000000885,-2.799725,3.667964,
1211.3300000000745,-2.799878,3.667048,
1214.9500000000698,-2.800031,3.666133,
1218.6199999999953,-2.800031,3.665217,
1222.1900000000605,-2.800031,3.664302,
1225.4400000000605,-2.799725,3.663386,
1228.5,-2.800031,3.66247,
1231.5700000000652,-2.800031,3.661555,
1235.0800000000745,-2.799878,3.660639,
1238.1100000001024,-2.800183,3.659419,
1242.2600000000093,-2.799725,3.658503,
1244.8600000001024,-2.799878,3.657588,
1248.3300000000745,-2.799878,3.656672,
1251.5500000000466,-2.799878,3.655756,
1254.9500000000698,-2.800183,3.654841,
1258.780000000028,-2.799878,3.653925,
1260.9300000000512,-2.799878,3.65301,
1264.6000000000931,-2.800031,3.652094,
1267.4800000000978,-2.800183,3.650874,
1270.9600000000792,-2.799725,3.649958,
1274.3200000000652,-2.800031,3.649042,
1277.4700000000885,-2.799878,3.648127,
1280.9700000000885,-2.799878,3.647211,
1284.030000000028,-2.799878,3.646296,
1287.1500000000233,-2.799878,3.64538,
1290.5400000000373,-2.800183,3.644465,
1293.8500000000931,-2.800183,3.643549,
1297.1600000000326,-2.799878,3.642329,
1300.6100000001024,-2.799878,3.641413,
1303.9899999999907,-2.799878,3.640497,
1306.8300000000745,-2.800031,3.639582,
1310.4400000000605,-2.800031,3.638666,
1313.25,-2.799878,3.637751,
1316.2300000000978,-2.799725,3.63653,
1320.4500000000698,-2.799878,3.635615,
1323.8800000000047,-2.799573,3.634699,
1326.9400000000605,-2.799878,3.633478,
1329.7300000000978,-2.800031,3.632563,
1332.6100000001024,-2.800183,3.631342,
1337.0,-2.800183,3.630426,
1339.780000000028,-2.799878,3.629511,
1343.9600000000792,-2.799878,3.628595,
1346.4700000000885,-2.800031,3.627375,
1350.3000000000466,-2.799878,3.626459,
1353.8000000000466,-2.800031,3.625238,
1356.8100000000559,-2.800183,3.624323,
1359.9899999999907,-2.800183,3.623407,
1362.5500000000466,-2.800183,3.622492,
1365.920000000042,-2.800031,3.621576,
1369.0500000000466,-2.800183,3.620661,
1371.6000000000931,-2.799878,3.619745,
1374.640000000014,-2.800031,3.61883,
1377.9400000000605,-2.800031,3.617914,
1381.2300000000978,-2.799878,3.616693,
1384.5800000000745,-2.800031,3.615778,
1387.4700000000885,-2.799878,3.614862,
1390.3300000000745,-2.799725,3.613947,
1393.2900000000373,-2.800183,3.612726,
1397.0900000000838,-2.799573,3.61181,
1399.9500000000698,-2.799878,3.610895,
1403.0900000000838,-2.799878,3.609979,
1406.2100000000792,-2.799725,3.609064,
1409.2600000000093,-2.800183,3.608148,
1411.4100000000326,-2.800031,3.607233,
1414.8000000000466,-2.800031,3.606012,
1418.5900000000838,-2.800183,3.605097,
1421.530000000028,-2.800183,3.604181,
1424.75,-2.799878,3.603265,
1427.3300000000745,-2.799725,3.602045,
1431.5400000000373,-2.799725,3.601129,
1434.5900000000838,-2.799878,3.600214,
1437.5600000000559,-2.799878,3.599298,
1439.670000000042,-2.800183,3.598383,
1442.3600000001024,-2.800031,3.597467,
1445.3000000000466,-2.800031,3.596551,
1448.6800000000512,-2.799878,3.595636,
1451.2900000000373,-2.800031,3.594415,
1456.0100000000093,-2.800031,3.5935,
1458.7399999999907,-2.800031,3.592279,
1462.4000000000233,-2.800183,3.591363,
1465.0100000000093,-2.800183,3.590448,
1468.0200000000186,-2.800031,3.589532,
1470.6100000001024,-2.799725,3.588617,
1474.1800000000512,-2.800031,3.587396,
1477.6000000000931,-2.799878,3.586175,
1481.3400000000838,-2.799878,3.58526,
1485.2000000000698,-2.799878,3.584039,
1489.2399999999907,-2.799878,3.583124,
1492.5500000000466,-2.800031,3.582208,
1494.6500000000233,-2.800031,3.580987,
1498.420000000042,-2.800183,3.580072,
1501.4800000000978,-2.800031,3.579156,
1504.5100000000093,-2.800031,3.578241,
1507.3100000000559,-2.800183,3.577325,
1510.8000000000466,-2.799878,3.57641,
1513.7600000000093,-2.799725,3.575494,
1516.5100000000093,-2.800031,3.574273,
1521.4800000000978,-2.800031,3.573358,
1523.7200000000885,-2.800031,3.572442,
1526.4700000000885,-2.800183,3.571527,
1529.2300000000978,-2.799725,3.570611,
1532.8200000000652,-2.799878,3.569696,
1536.0200000000186,-2.800031,3.568475,
1540.5400000000373,-2.799878,3.567559,
1543.3300000000745,-2.799878,3.566339,
1547.6600000000326,-2.799878,3.565423,
1550.6300000000047,-2.800031,3.564508,
1552.2700000000186,-2.799725,3.563592,
1556.4800000000978,-2.800183,3.562676,
1559.4500000000698,-2.800183,3.561761,
1562.670000000042,-2.800183,3.560845,
1565.8800000000047,-2.799878,3.559625,
1571.1199999999953,-2.800183,3.558709,
1573.5400000000373,-2.800031,3.557794,
1576.7600000000093,-2.800031,3.556573,
1581.0600000000559,-2.799725,3.555657,
1584.0100000000093,-2.799878,3.554437,
1588.0700000000652,-2.799878,3.553521,
1591.5800000000745,-2.800031,3.552605,
1594.5200000000186,-2.799878,3.551385,
1598.8100000000559,-2.800031,3.550469,
1602.5900000000838,-2.800031,3.549554,
1605.670000000042,-2.799878,3.548333,
1610.3100000000559,-2.800183,3.547417,
1612.8699999999953,-2.799878,3.546502,
1615.0600000000559,-2.800031,3.545586,
1618.8300000000745,-2.800336,3.544671,
1622.25,-2.800183,3.543755,
1626.3600000001024,-2.800031,3.542535,
1630.8600000001024,-2.799725,3.541619,
1634.3500000000931,-2.799878,3.540703,
1638.0800000000745,-2.799878,3.539788,
1641.670000000042,-2.800031,3.538872,
1645.0900000000838,-2.800031,3.537652,
1648.140000000014,-2.800031,3.536736,
1652.25,-2.799878,3.535821,
1655.7000000000698,-2.800031,3.534905,
1659.2600000000093,-2.800336,3.533989,
1663.5700000000652,-2.800031,3.533074,
1666.9500000000698,-2.800183,3.532158,
1669.920000000042,-2.800183,3.531243,
1673.530000000028,-2.800031,3.530327,
1676.8200000000652,-2.799878,3.529412,
1680.0100000000093,-2.799878,3.528496,
1683.5400000000373,-2.800031,3.527581,
1687.0800000000745,-2.800031,3.526665,
1691.0800000000745,-2.800183,3.52575,
1695.3500000000931,-2.800183,3.524834,
1698.9400000000605,-2.799878,3.523919,
1702.9300000000512,-2.800031,3.523003,
1706.6600000000326,-2.800183,3.522087,
1710.4600000000792,-2.799878,3.521172,
1714.030000000028,-2.799878,3.520256,
1716.8699999999953,-2.800031,3.519036,
1722.030000000028,-2.800031,3.51812,
1726.1300000000047,-2.799878,3.516899,
1730.9600000000792,-2.799878,3.515984,
1735.4500000000698,-2.800031,3.515068,
1739.2200000000885,-2.799878,3.514153,
1742.9300000000512,-2.800031,3.513237,
1746.9100000000326,-2.799725,3.512322,
1749.8000000000466,-2.799878,3.511101,
1753.890000000014,-2.800183,3.510185,
1758.9000000000233,-2.799725,3.508965,
1764.1000000000931,-2.800031,3.508049,
1768.1500000000233,-2.800183,3.507134,
1771.4899999999907,-2.799878,3.506218,
1775.8300000000745,-2.799878,3.504997,
1781.2000000000698,-2.799878,3.504082,
1784.8699999999953,-2.800031,3.502861,
1789.7700000000186,-2.800031,3.501946,
1793.0,-2.800183,3.50103,
1797.6300000000047,-2.799725,3.500114,
1802.0500000000466,-2.799725,3.499199,
1805.6300000000047,-2.799878,3.498283,
1810.2000000000698,-2.800183,3.497368,
1813.8300000000745,-2.800031,3.496452,
1818.4800000000978,-2.799878,3.495537,
1822.4100000000326,-2.800183,3.494316,
1826.7100000000792,-2.800183,3.4934,
1831.1199999999953,-2.799725,3.492485,
1834.6900000000605,-2.800031,3.491569,
1838.8300000000745,-2.800031,3.490654,
1842.780000000028,-2.800031,3.489738,
1847.1500000000233,-2.800183,3.488823,
1851.0100000000093,-2.800031,3.487907,
1855.4400000000605,-2.799878,3.486992,
1859.8600000001024,-2.799878,3.486076,
1862.7900000000373,-2.799878,3.485161,
1866.4100000000326,-2.799878,3.484245,
1871.280000000028,-2.799878,3.48333,
1874.8500000000931,-2.800031,3.482414,
1879.5100000000093,-2.800031,3.481498,
1883.6199999999953,-2.800031,3.480583,
1888.4899999999907,-2.799878,3.479667,
1892.2100000000792,-2.799878,3.478752,
1896.5200000000186,-2.800031,3.477531,
1901.6000000000931,-2.799878,3.47631,
1906.1800000000512,-2.800183,3.475395,
1910.5100000000093,-2.799878,3.474479,
1915.0400000000373,-2.799725,3.473564,
1918.7399999999907,-2.800031,3.472648,
1923.7300000000978,-2.799725,3.471427,
1929.7000000000698,-2.799878,3.470512,
1933.4000000000233,-2.800031,3.469596,
1937.1600000000326,-2.799878,3.468376,
1941.75,-2.799878,3.46746,
1945.6199999999953,-2.800183,3.466545,
1950.140000000014,-2.799725,3.465324,
1955.4600000000792,-2.800031,3.464408,
1958.9000000000233,-2.800183,3.463493,
1964.4600000000792,-2.800183,3.462577,
1968.6900000000605,-2.800183,3.461662,
1971.7300000000978,-2.800031,3.460746,
1976.390000000014,-2.799878,3.459525,
1980.7700000000186,-2.800183,3.45861,
1984.7300000000978,-2.799878,3.457694,
1988.8699999999953,-2.800031,3.456779,
1992.4300000000512,-2.799878,3.455863,
1996.75,-2.800031,3.454643,
2001.5700000000652,-2.800031,3.453727,
2007.140000000014,-2.800031,3.452811,
2010.9700000000885,-2.799878,3.451896,
2014.1600000000326,-2.799878,3.45098,
2017.4600000000792,-2.799878,3.450065,
2021.4100000000326,-2.800031,3.449149,
2024.9600000000792,-2.800031,3.448234,
2029.3699999999953,-2.799878,3.447318,
2033.7600000000093,-2.799878,3.446403,
2036.1600000000326,-2.799878,3.445487,
2041.7000000000698,-2.800031,3.444572,
2044.9700000000885,-2.799878,3.443656,
2049.060000000056,-2.800031,3.442741,
2052.1600000000326,-2.800031,3.441825,
2055.340000000084,-2.800031,3.440909,
2059.100000000093,-2.799725,3.439994,
2063.430000000051,-2.799878,3.438773,
2068.0500000000466,-2.800336,3.437858,
2072.70000000007,-2.799878,3.436942,
2076.280000000028,-2.800031,3.436027,
2079.9100000000326,-2.799878,3.435111,
2084.20000000007,-2.799878,3.434195,
2087.2200000000885,-2.799878,3.43328,
2090.1500000000233,-2.799878,3.432364,
2094.310000000056,-2.800031,3.431449,
2097.920000000042,-2.799725,3.430533,
2101.180000000051,-2.799878,3.429618,
2105.2399999999907,-2.800031,3.428702,
2108.8699999999953,-2.799878,3.427787,
2112.9700000000885,-2.799878,3.426871,
2116.170000000042,-2.799878,3.425956,
2119.890000000014,-2.799878,3.42504,
2122.390000000014,-2.800031,3.424125,
2126.0200000000186,-2.800031,3.422904,
2131.230000000098,-2.800031,3.421988,
2134.9700000000885,-2.800031,3.421073,
2137.9700000000885,-2.800031,3.419852,
2143.20000000007,-2.800031,3.418936,
2146.20000000007,-2.800183,3.418021,
2150.430000000051,-2.799878,3.417105,
2153.350000000093,-2.799878,3.41619,
2155.890000000014,-2.800336,3.415274,
2158.4899999999907,-2.800031,3.414359,
2163.180000000051,-2.800183,3.413443,
2166.530000000028,-2.800031,3.412528,
2169.840000000084,-2.800183,3.411612,
2174.090000000084,-2.800031,3.410391,
2177.310000000056,-2.800031,3.409476,
2180.9400000000605,-2.800183,3.40856,
2184.320000000065,-2.800183,3.407645,
2187.3699999999953,-2.800031,3.406729,
2190.6600000000326,-2.800031,3.405814,
2193.3800000000047,-2.800031,3.404898,
2197.1300000000047,-2.800031,3.403677,
2201.6500000000233,-2.800031,3.402762,
2204.0800000000745,-2.799878,3.401846,
2208.7700000000186,-2.799878,3.400931,
2211.810000000056,-2.800031,3.400015,
2215.310000000056,-2.800031,3.3991,
2217.340000000084,-2.800031,3.398184,
2220.6500000000233,-2.800031,3.396963,
2224.5500000000466,-2.799878,3.396048,
2228.0500000000466,-2.800031,3.395132,
2230.9700000000885,-2.799878,3.394217,
2234.1500000000233,-2.799725,3.393301,
2237.1900000000605,-2.800183,3.392386,
2240.590000000084,-2.799878,3.39147,
2243.6500000000233,-2.800183,3.390555,
2246.1199999999953,-2.799878,3.389639,
2248.560000000056,-2.800031,3.388724,
2251.6900000000605,-2.800031,3.387808,
2254.9400000000605,-2.800031,3.386893,
2257.640000000014,-2.800031,3.385977,
2261.1300000000047,-2.799878,3.385061,
2264.310000000056,-2.800031,3.384146,
2267.3300000000745,-2.799878,3.38323,
2270.3300000000745,-2.800031,3.382315,
2272.930000000051,-2.799878,3.381094,
2276.20000000007,-2.799878,3.380179,
2278.9000000000233,-2.800031,3.379263,
2281.670000000042,-2.800183,3.378347,
2285.180000000051,-2.799878,3.377432,
2287.8600000001024,-2.800031,3.376516,
2290.960000000079,-2.799878,3.375601,
2293.25,-2.799878,3.374685,
2296.45000000007,-2.800031,3.37377,
2299.6300000000047,-2.799725,3.372854,
2301.460000000079,-2.799878,3.371939,
2304.390000000014,-2.799878,3.371023,
2307.530000000028,-2.800336,3.370108,
2310.2200000000885,-2.799878,3.369192,
2313.0400000000373,-2.800031,3.368276,
2316.20000000007,-2.800031,3.367056,
2320.20000000007,-2.799878,3.36614,
2322.820000000065,-2.799878,3.365225,
2325.7399999999907,-2.799878,3.364309,
2327.9899999999907,-2.799878,3.363394,
2330.8300000000745,-2.799573,3.362478,
2333.9700000000885,-2.799725,3.361563,
2336.8800000000047,-2.799878,3.360647,
2339.960000000079,-2.800183,3.359731,
2343.170000000042,-2.799878,3.358816,
2346.480000000098,-2.800031,3.3579,
2349.570000000065,-2.800336,3.356985,
2352.530000000028,-2.799725,3.356069,
2355.460000000079,-2.800183,3.354849,
2359.210000000079,-2.799878,3.353933,
2362.560000000056,-2.800031,3.353017,
2365.2700000000186,-2.800031,3.352102,
2369.230000000098,-2.800031,3.351186,
2372.600000000093,-2.800031,3.350271,
2375.1300000000047,-2.800031,3.349355,
2379.20000000007,-2.800031,3.348135,
2383.9000000000233,-2.800183,3.347219,
2386.70000000007,-2.800031,3.346304,
2389.8800000000047,-2.799878,3.345388,
2393.3800000000047,-2.799878,3.344472,
2396.390000000014,-2.799878,3.343557,
2400.340000000084,-2.800031,3.342641,
2403.730000000098,-2.800031,3.341726,
2407.460000000079,-2.800031,3.34081,
2410.9000000000233,-2.800031,3.339895,
2414.0200000000186,-2.800031,3.338979,
2417.75,-2.799878,3.338064,
2420.2399999999907,-2.799878,3.337148,
2424.090000000084,-2.799878,3.335927,
2428.6900000000605,-2.800031,3.334707,
2432.3000000000466,-2.799878,3.333791,
2436.780000000028,-2.799725,3.332876,
2440.1100000001024,-2.800031,3.33196,
2444.20000000007,-2.799878,3.331044,
2447.4000000000233,-2.800031,3.330129,
2450.20000000007,-2.800031,3.328603,
2454.9000000000233,-2.800031,3.327382,
2459.2200000000885,-2.799878,3.326467,
2462.5800000000745,-2.799725,3.325551,
2466.3600000001024,-2.799878,3.324636,
2469.100000000093,-2.799878,3.32372,
2472.310000000056,-2.799878,3.322805,
2476.1199999999953,-2.800031,3.321889,
2479.4000000000233,-2.800031,3.320974,
2481.9700000000885,-2.800183,3.320058,
2484.5100000000093,-2.800183,3.319142,
2488.0200000000186,-2.799878,3.318227,
2491.0800000000745,-2.799725,3.317311,
2494.6100000001024,-2.800031,3.316396,
2497.8699999999953,-2.799878,3.31548,
2500.95000000007,-2.799878,3.314565,
2503.8600000001024,-2.799878,3.313344,
2508.430000000051,-2.800031,3.312428,
2510.6300000000047,-2.799878,3.311208,
2514.310000000056,-2.799878,3.310292,
2517.3800000000047,-2.800031,3.309377,
2520.0500000000466,-2.799878,3.308461,
2522.95000000007,-2.799878,3.307546,
2526.3699999999953,-2.800031,3.30663,
2529.670000000042,-2.800031,3.305409,
2532.930000000051,-2.799878,3.304494,
2535.7399999999907,-2.799878,3.303273,
2538.9899999999907,-2.799878,3.302358,
2541.4899999999907,-2.799878,3.301442,
2544.090000000084,-2.800031,3.300526,
2547.310000000056,-2.800183,3.299611,
2550.2900000000373,-2.800031,3.298695,
2552.670000000042,-2.799878,3.29778,
2555.560000000056,-2.799878,3.296864,
2557.95000000007,-2.799878,3.295949,
2561.180000000051,-2.800031,3.295033,
2562.980000000098,-2.799878,3.294118,
2565.3000000000466,-2.800031,3.293202,
2568.4899999999907,-2.799878,3.292287,
2570.8300000000745,-2.799878,3.291371,
2573.9100000000326,-2.799878,3.290455,
2576.140000000014,-2.799878,3.28954,
2578.6300000000047,-2.800031,3.288624,
2581.060000000056,-2.799878,3.287709,
2583.6500000000233,-2.800031,3.286793,
2586.6500000000233,-2.799878,3.285878,
2587.8600000001024,-2.799878,3.284962,
2590.5100000000093,-2.800183,3.284047,
2592.810000000056,-2.800031,3.282826,
2595.670000000042,-2.799878,3.28191,
2598.7399999999907,-2.800031,3.280995,
2600.7399999999907,-2.799725,3.280079,
2603.20000000007,-2.800031,3.279164,
2605.230000000098,-2.800031,3.278248,
2607.810000000056,-2.800031,3.277028,
2609.980000000098,-2.800031,3.276112,
2612.45000000007,-2.799878,3.275196,
2614.7700000000186,-2.800183,3.274281,
2616.7600000000093,-2.799573,3.273365,
2618.6500000000233,-2.799878,3.27245,
2620.8699999999953,-2.800183,3.271534,
2622.7200000000885,-2.800031,3.270619,
2625.0,-2.799878,3.269703,
2626.9700000000885,-2.799878,3.268788,
2628.20000000007,-2.799878,3.267872,
2629.9000000000233,-2.800031,3.266957,
2631.930000000051,-2.800031,3.266041,
2633.920000000042,-2.800183,3.265126,
2635.820000000065,-2.799878,3.263905,
2637.9000000000233,-2.800183,3.262989,
2639.75,-2.800031,3.262074,
2641.4400000000605,-2.799878,3.261158,
2643.310000000056,-2.799878,3.260243,
2644.70000000007,-2.799725,3.259022,
2646.4700000000885,-2.800031,3.257801,
2648.5500000000466,-2.799725,3.25658,
2650.530000000028,-2.800031,3.255665,
2652.3300000000745,-2.800031,3.254749,
2653.460000000079,-2.799878,3.253834,
2655.070000000065,-2.800031,3.252613,
2657.0800000000745,-2.800031,3.251698,
2658.100000000093,-2.800031,3.250782,
2659.1100000001024,-2.799878,3.249866,
2660.6199999999953,-2.799725,3.248951,
2661.7900000000373,-2.800031,3.24773,
2663.350000000093,-2.799725,3.246815,
2664.840000000084,-2.800031,3.245899,
2666.140000000014,-2.800031,3.244984,
2667.460000000079,-2.800183,3.243763,
2668.8800000000047,-2.800183,3.242847,
2669.9400000000605,-2.799878,3.241627,
2671.390000000014,-2.800031,3.240406,
2672.680000000051,-2.799878,3.23949,
2673.840000000084,-2.800031,3.238575,
2674.680000000051,-2.800031,3.237659,
2675.9400000000605,-2.800031,3.236744,
2677.090000000084,-2.799878,3.235828,
2678.1100000001024,-2.799878,3.234607,
2679.6300000000047,-2.800031,3.233387,
2680.3800000000047,-2.800031,3.232471,
2681.6500000000233,-2.800031,3.231556,
2682.5,-2.799878,3.230335,
2683.75,-2.799878,3.229419,
2684.780000000028,-2.800031,3.228504,
2685.7900000000373,-2.800031,3.227283,
2686.920000000042,-2.800031,3.226368,
2687.9899999999907,-2.800031,3.225147,
2688.9700000000885,-2.799878,3.224231,
2689.7700000000186,-2.799878,3.223316,
2690.560000000056,-2.800031,3.2224,
2691.560000000056,-2.800183,3.22118,
2692.710000000079,-2.800031,3.220264,
2693.530000000028,-2.799878,3.219348,
2694.320000000065,-2.800031,3.218433,
2695.0800000000745,-2.800183,3.217212,
2696.25,-2.800031,3.216297,
2696.9400000000605,-2.800183,3.215381,
2697.6500000000233,-2.800183,3.214466,
2698.5200000000186,-2.800183,3.21355,
2699.1900000000605,-2.800031,3.212329,
2700.3699999999953,-2.800031,3.211414,
2701.140000000014,-2.799725,3.210498,
2702.090000000084,-2.800031,3.209583,
2702.7200000000885,-2.800031,3.208667,
2703.4000000000233,-2.799878,3.207752,
2704.180000000051,-2.799878,3.206226,
2705.4100000000326,-2.800031,3.205005,
2706.170000000042,-2.800031,3.204089,
2707.0800000000745,-2.800031,3.202869,
2707.9100000000326,-2.800183,3.201648,
2708.810000000056,-2.799878,3.200427,
2709.890000000014,-2.799878,3.199512,
2710.590000000084,-2.800031,3.198291,
2711.4400000000605,-2.800031,3.197375,
2711.8300000000745,-2.799878,3.19646,
2712.710000000079,-2.800183,3.195544,
2713.420000000042,-2.800031,3.194629,
2714.2900000000373,-2.799725,3.193408,
2715.140000000014,-2.800031,3.192493,
2715.820000000065,-2.800031,3.191577,
2716.4400000000605,-2.799878,3.190661,
2717.0400000000373,-2.800031,3.189441,
2717.8600000001024,-2.799878,3.188525,
2718.4700000000885,-2.799878,3.18761,
2719.1600000000326,-2.800031,3.186694,
2719.810000000056,-2.799878,3.185779,
2720.590000000084,-2.800183,3.184558,
2721.430000000051,-2.799878,3.183337,
2722.2600000000093,-2.799878,3.182422,
2722.9400000000605,-2.799725,3.181506,
2723.480000000098,-2.799725,3.180285,
2724.1900000000605,-2.799725,3.17937,
2724.8800000000047,-2.800031,3.178454,
2725.5400000000373,-2.800031,3.176928,
2726.70000000007,-2.799878,3.175708,
2727.460000000079,-2.799878,3.174792,
2728.20000000007,-2.800031,3.173877,
2728.7200000000885,-2.800336,3.172351,
2729.5100000000093,-2.799878,3.17113,
2730.4700000000885,-2.799878,3.170214,
2730.9700000000885,-2.799878,3.169299,
2731.6600000000326,-2.800183,3.168383,
2732.210000000079,-2.799878,3.167468,
2732.8600000001024,-2.800183,3.166552,
2733.6100000001024,-2.800031,3.165332,
2734.3300000000745,-2.800183,3.164416,
2734.8300000000745,-2.800031,3.1635,
2735.4400000000605,-2.800183,3.16228,
2736.1300000000047,-2.800183,3.161364,
2736.8699999999953,-2.800031,3.160143,
2737.6100000001024,-2.799725,3.158923,
2738.430000000051,-2.799878,3.157702,
2739.230000000098,-2.799878,3.156481,
2739.930000000051,-2.799878,3.155566,
2740.310000000056,-2.800031,3.15465,
2740.820000000065,-2.799725,3.153735,
2741.670000000042,-2.800031,3.152209,
2742.4000000000233,-2.799878,3.151293,
2743.060000000056,-2.800031,3.150072,
2743.930000000051,-2.800031,3.149157,
2744.570000000065,-2.800183,3.147936,
2745.2900000000373,-2.799878,3.147021,
2745.780000000028,-2.800031,3.1458,
2746.5100000000093,-2.800031,3.144884,
2746.980000000098,-2.799725,3.143969,
2747.6100000001024,-2.800031,3.143053,
2748.1900000000605,-2.799878,3.141833,
2749.0800000000745,-2.799878,3.140612,
2749.820000000065,-2.799878,3.139696,
2750.340000000084,-2.800183,3.138781,
2750.850000000093,-2.800183,3.13756,
2751.430000000051,-2.800031,3.136645,
2752.060000000056,-2.800031,3.135424,
2752.7399999999907,-2.799878,3.134203,
2753.530000000028,-2.800031,3.133288,
2754.0100000000093,-2.800183,3.132067,
2754.6900000000605,-2.800031,3.131151,
2755.25,-2.799878,3.130236,
2755.840000000084,-2.800183,3.129015,
2756.4000000000233,-2.799878,3.128099,
2756.9000000000233,-2.800031,3.127184,
2757.4400000000605,-2.800031,3.125963,
2758.180000000051,-2.800183,3.124743,
2758.820000000065,-2.799878,3.123827,
2759.390000000014,-2.800183,3.122911,
2759.8000000000466,-2.800031,3.121996,
2760.430000000051,-2.800031,3.120775,
2761.0200000000186,-2.799878,3.11986,
2761.5400000000373,-2.800031,3.118944,
2761.980000000098,-2.800031,3.118029,
2762.6100000001024,-2.800183,3.117113,
2763.1500000000233,-2.800031,3.116197,
2763.70000000007,-2.800031,3.114977,
2764.25,-2.800031,3.114061,
2764.9400000000605,-2.799878,3.113146,
2765.4100000000326,-2.799878,3.111925,
2765.9700000000885,-2.800031,3.111009,
2766.4400000000605,-2.800031,3.109789,
2767.090000000084,-2.799878,3.108568,
2767.780000000028,-2.800031,3.107652,
2768.2700000000186,-2.799878,3.106432,
2769.0400000000373,-2.800183,3.105211,
2769.6300000000047,-2.800031,3.104295,
2770.1100000001024,-2.799878,3.10338,
2770.600000000093,-2.799878,3.102159,
2771.0500000000466,-2.800031,3.101244,
2771.6300000000047,-2.800031,3.100328,
2772.2399999999907,-2.800031,3.099413,
2772.640000000014,-2.800031,3.098192,
2773.2700000000186,-2.800031,3.097276,
2773.840000000084,-2.800031,3.096056,
2774.420000000042,-2.799878,3.094835,
2775.0800000000745,-2.800031,3.093309,
2775.7900000000373,-2.800031,3.092393,
2776.3300000000745,-2.800031,3.091173,
2776.810000000056,-2.799725,3.089952,
2777.530000000028,-2.800031,3.088731,
2778.1500000000233,-2.800031,3.087816,
2778.7399999999907,-2.800336,3.0869,
2779.100000000093,-2.800031,3.085679,
2779.5100000000093,-2.800031,3.084459,
2780.1300000000047,-2.800031,3.083543,
2780.6900000000605,-2.800031,3.082628,
2781.25,-2.800183,3.081712,
2781.670000000042,-2.800031,3.080491,
2782.230000000098,-2.800031,3.079271,
2782.9400000000605,-2.800031,3.07805,
2783.6600000000326,-2.799725,3.076829,
2784.0400000000373,-2.800031,3.075608,
2784.6100000001024,-2.799725,3.074693,
2785.0500000000466,-2.799725,3.073472,
2785.7399999999907,-2.800031,3.072557,
2786.20000000007,-2.800031,3.071336,
2786.680000000051,-2.800031,3.07042,
2787.3000000000466,-2.800031,3.0692,
2787.7200000000885,-2.799725,3.067979,
2788.20000000007,-2.800031,3.067063,
2788.70000000007,-2.800031,3.065843,
2789.310000000056,-2.800031,3.064927,
2789.820000000065,-2.800031,3.063706,
2790.3300000000745,-2.800031,3.062791,
2790.7399999999907,-2.799878,3.061875,
2791.20000000007,-2.800031,3.06096,
2791.640000000014,-2.800031,3.060044,
2792.1500000000233,-2.800031,3.059129,
2792.430000000051,-2.799878,3.057908,
2792.9400000000605,-2.799878,3.056992,
2793.5800000000745,-2.800031,3.055467,
2794.1199999999953,-2.799878,3.054551,
2794.670000000042,-2.799878,3.05333,
2795.20000000007,-2.799878,3.05211,
2795.8800000000047,-2.799878,3.050584,
2796.280000000028,-2.800183,3.049363,
2796.9700000000885,-2.800031,3.048447,
2797.420000000042,-2.799725,3.047532,
2797.9000000000233,-2.800031,3.046616,
2798.2399999999907,-2.799878,3.045396,
2798.810000000056,-2.799878,3.04448,
2799.1500000000233,-2.800031,3.043565,
2799.70000000007,-2.799725,3.042649,
2800.0800000000745,-2.800183,3.041733,
2800.3800000000047,-2.799878,3.040818,
2800.75,-2.800031,3.039902,
2801.280000000028,-2.799878,3.038682,
2801.8600000001024,-2.799878,3.037461,
2802.3800000000047,-2.800031,3.03624,
2802.95000000007,-2.799878,3.035019,
2803.530000000028,-2.800336,3.033799,
2803.8600000001024,-2.800031,3.032883,
2804.3600000001024,-2.799878,3.031968,
2804.7399999999907,-2.800336,3.031052,
2805.2700000000186,-2.799878,3.030137,
2805.680000000051,-2.799878,3.028916,
2806.20000000007,-2.800183,3.027695,
2806.8300000000745,-2.800183,3.026169,
2807.390000000014,-2.799725,3.025254,
2807.7700000000186,-2.800031,3.024338,
2808.090000000084,-2.800031,3.023423,
2808.6500000000233,-2.799878,3.022202,
2809.140000000014,-2.800031,3.021286,
2809.5500000000466,-2.800031,3.020066,
2810.1199999999953,-2.800031,3.01915,
2810.4700000000885,-2.799878,3.018235,
2810.890000000014,-2.799878,3.017319,
2811.320000000065,-2.800031,3.016098,
2811.7200000000885,-2.800031,3.015183,
2812.170000000042,-2.799878,3.013962,
2812.7200000000885,-2.800183,3.012741,
2813.390000000014,-2.800031,3.011521,
2813.820000000065,-2.800031,3.0103,
2814.5100000000093,-2.800183,3.008774,
2815.100000000093,-2.800031,3.007553,
2815.5500000000466,-2.799878,3.006332,
2816.0200000000186,-2.799878,3.005417,
2816.4899999999907,-2.800031,3.004196,
2817.0200000000186,-2.799878,3.003281,
2817.4100000000326,-2.800031,3.00206,
2818.0400000000373,-2.799725,3.000534,
2818.4000000000233,-2.800031,2.999924,
2818.4100000000326,0.0,3.101549,
2818.570000000065,0.0,3.105821,
2818.710000000079,0.0,3.107347,
2818.840000000084,0.0,3.108873,
2819.1199999999953,0.0,3.110094,
2819.2399999999907,0.0,3.111315,
2819.480000000098,0.0,3.11284,
2819.7600000000093,0.0,3.114061,
2820.060000000056,0.0,3.115282,
2820.430000000051,0.0,3.116197,
2820.70000000007,0.0,3.117418,
2821.1300000000047,0.0,3.118639,
2821.600000000093,0.0,3.119554,
2821.9899999999907,0.0,3.12047,
2822.3699999999953,0.0,3.121386,
2822.75,0.0,3.122301,
2823.1300000000047,0.0,3.123522,
2823.960000000079,0.0,3.124437,
2824.670000000042,0.0,3.125353,
2825.340000000084,0.0,3.126268,
2826.0100000000093,0.0,3.127489,
2827.030000000028,0.0,3.128405,
2827.600000000093,0.0,3.12932,
2828.5500000000466,0.0,3.130541,
2830.20000000007,0.0,3.131456,
2831.480000000098,0.0,3.132372,
2832.8300000000745,0.0,3.133288,
2834.5200000000186,0.0,3.134508,
2836.5800000000745,0.0,3.135424,
2839.0200000000186,0.0,3.136339,
2841.2200000000885,0.0,3.137255,
2842.810000000056,0.0,3.13817,
2845.820000000065,0.0,3.139086,
2848.5200000000186,0.0,3.140002,
2851.9400000000605,0.0,3.140917,
2855.7900000000373,0.0,3.141833,
2860.280000000028,0.0,3.143359,
2868.7200000000885,0.0,3.144274,
2873.570000000065,0.0,3.14519,
2879.3600000001024,0.0,3.14641,
2887.600000000093,0.0,3.147326,
2895.0400000000373,0.0,3.148241,
2904.95000000007,0.0,3.149157,
2914.0,0.0,3.150072,
2923.680000000051,0.0,3.150988,
2934.600000000093,0.0,3.151904,
2947.030000000028,0.0,3.152819,
2957.710000000079,0.0,3.153735,
2974.4100000000326,0.0,3.154955,
2990.7700000000186,0.0,3.155871,
3008.3000000000466,0.0,3.156786,
3025.1900000000605,0.0,3.157702,
3043.4100000000326,0.0,3.158618,
3067.280000000028,0.0,3.159533,
3089.7600000000093,0.0,3.160449,
3114.8800000000047,0.0,3.161364,
3141.6600000000326,0.0,3.16228,
3167.0100000000093,0.0,3.163195,
3187.3000000000466,0.0,3.164111,
3225.560000000056,0.0,3.165026,
3265.5100000000093,0.0,3.165942,
3301.9000000000233,0.0,3.166857,
3345.3699999999953,0.0,3.167773,
3385.890000000014,0.0,3.168688,
3435.6300000000047,0.0,3.169604,
3488.850000000093,0.0,3.17052,
3544.1199999999953,0.0,3.171435,
3609.210000000079,0.0,3.172351,
3650.670000000042,0.0,3.173266,
3722.980000000098,0.0,3.174182,
3797.8000000000466,0.0,3.175097,
3882.100000000093,0.0,3.176013,
3968.320000000065,0.0,3.176928,
4064.7600000000093,0.0,3.177844,
4151.270000000019,0.0,3.178759,
4262.180000000051,0.0,3.179675,
4394.119999999995,0.0,3.180591,
4482.730000000098,0.0,3.181506,
4622.590000000084,0.0,3.182422,
4740.670000000042,0.0,3.183337,
4895.350000000093,0.0,3.184253,
5063.140000000014,0.0,3.185168,
5266.709999999963,0.0,3.186084,
5453.729999999981,0.0,3.186999,
5685.590000000084,0.0,3.187915,
5916.959999999963,0.0,3.18883,
6148.540000000037,0.0,3.189746,
6382.300000000047,0.0,3.190967,
6393.459999999963,0.0,3.190051,
6418.40000000014,0.0,3.190051,
6418.449999999953,1.402457,3.243458,
6418.610000000102,1.400015,3.245289,
6418.8300000000745,1.400168,3.246815,
6419.0800000000745,1.399557,3.248341,
6419.510000000009,1.399863,3.249561,
6419.810000000056,1.400015,3.250782,
6420.290000000037,1.399863,3.252003,
6420.709999999963,1.39971,3.252918,
6421.14000000013,1.399863,3.254139,
6421.679999999935,1.399863,3.255055,
6422.030000000028,1.399863,3.25597,
6422.439999999944,1.400015,3.257191,
6423.010000000009,1.399863,3.258717,
6423.65000000014,1.400168,3.259632,
6424.179999999935,1.399863,3.260548,
6424.689999999944,1.400168,3.261463,
6425.280000000028,1.399863,3.262379,
6425.840000000084,1.39971,3.263294,
6426.370000000112,1.400168,3.26482,
6427.060000000056,1.400168,3.265736,
6427.620000000112,1.399863,3.266957,
6428.469999999972,1.400168,3.267872,
6429.010000000009,1.400015,3.268788,
6429.689999999944,1.40032,3.269703,
6430.290000000037,1.399557,3.270924,
6431.14000000013,1.400168,3.272145,
6432.160000000149,1.40032,3.273365,
6432.689999999944,1.399863,3.274281,
6433.280000000028,1.40032,3.275196,
6434.030000000028,1.400015,3.276112,
6434.719999999972,1.400168,3.277028,
6435.479999999981,1.400168,3.278248,
6436.410000000149,1.39971,3.279164,
6436.949999999953,1.39971,3.280079,
6437.860000000102,1.399863,3.280995,
6438.550000000047,1.39971,3.282216,
6439.3300000000745,1.399863,3.283436,
6440.310000000056,1.399863,3.284657,
6441.310000000056,1.400015,3.285573,
6441.949999999953,1.400168,3.286488,
6442.880000000121,1.399863,3.287709,
6443.790000000037,1.400168,3.289235,
6445.030000000028,1.399863,3.290455,
6445.820000000065,1.39971,3.291676,
6446.920000000158,1.39971,3.292592,
6447.840000000084,1.399557,3.293812,
6448.699999999953,1.399863,3.294728,
6449.5,1.400015,3.295644,
6450.219999999972,1.400168,3.296559,
6451.100000000093,1.400015,3.297475,
6451.949999999953,1.399863,3.29839,
6452.65000000014,1.400015,3.299306,
6453.209999999963,1.399863,3.300221,
6454.110000000102,1.400015,3.301137,
6454.729999999981,1.400015,3.302052,
6455.719999999972,1.400168,3.302968,
6456.699999999953,1.400168,3.304189,
6457.780000000028,1.399863,3.305104,
6458.760000000009,1.399863,3.306325,
6459.5800000000745,1.400015,3.30724,
6460.290000000037,1.400015,3.308156,
6461.370000000112,1.399863,3.309377,
6462.320000000065,1.400168,3.310597,
6463.489999999991,1.39971,3.311513,
6464.439999999944,1.400015,3.312428,
6465.380000000121,1.400015,3.313649,
6466.449999999953,1.399863,3.31487,
6467.75,1.399863,3.316091,
6468.660000000149,1.399863,3.317006,
6469.360000000102,1.400015,3.317922,
6470.469999999972,1.400168,3.319142,
6471.709999999963,1.399863,3.320058,
6472.469999999972,1.400015,3.320974,
6473.5,1.400168,3.321889,
6474.40000000014,1.399557,3.32311,
6475.739999999991,1.400015,3.324025,
6476.410000000149,1.400015,3.325246,
6477.39000000013,1.39971,3.326162,
6478.5,1.400015,3.327077,
6479.410000000149,1.399863,3.327993,
6480.3300000000745,1.400015,3.328908,
6481.310000000056,1.39971,3.329824,
6482.050000000047,1.399557,3.330739,
6483.030000000028,1.399557,3.331655,
6484.209999999963,1.399557,3.33257,
6485.260000000009,1.39971,3.334096,
6486.530000000028,1.400168,3.335317,
6487.800000000047,1.400015,3.336233,
6488.89000000013,1.400015,3.337453,
6490.170000000158,1.400015,3.338674,
6491.510000000009,1.400015,3.33959,
6492.40000000014,1.399863,3.34081,
6493.790000000037,1.399863,3.342031,
6494.719999999972,1.40032,3.342947,
6495.959999999963,1.399863,3.344167,
6497.360000000102,1.400015,3.345388,
6498.630000000121,1.399863,3.346304,
6499.630000000121,1.399863,3.347219,
6500.699999999953,1.399863,3.348135,
6501.689999999944,1.39971,3.349355,
6503.020000000019,1.400168,3.350271,
6503.89000000013,1.39971,3.351186,
6504.570000000065,1.400168,3.352102,
6506.020000000019,1.40032,3.353017,
6506.820000000065,1.400015,3.353933,
6507.949999999953,1.399557,3.354849,
6509.070000000065,1.400015,3.355764,
6509.920000000158,1.400015,3.35668,
6511.280000000028,1.399863,3.357595,
6512.340000000084,1.399863,3.358511,
6513.360000000102,1.39971,3.359426,
6514.590000000084,1.39971,3.360342,
6515.479999999981,1.39971,3.361257,
6516.770000000019,1.399863,3.362478,
6518.239999999991,1.400168,3.363394,
6519.020000000019,1.399557,3.364309,
6520.370000000112,1.400015,3.36553,
6521.530000000028,1.399863,3.366445,
6522.810000000056,1.39971,3.367361,
6523.670000000158,1.400168,3.368276,
6524.760000000009,1.399863,3.369192,
6525.920000000158,1.399863,3.370108,
6526.969999999972,1.400015,3.371023,
6528.110000000102,1.399863,3.371939,
6529.219999999972,1.39971,3.372854,
6530.350000000093,1.400015,3.37377,
6531.520000000019,1.39971,3.37499,
6533.340000000084,1.39971,3.375906,
6534.179999999935,1.400015,3.376822,
6535.260000000009,1.400168,3.377737,
6536.310000000056,1.39971,3.378653,
6537.65000000014,1.399863,3.379568,
6538.790000000037,1.400015,3.380484,
6539.989999999991,1.400168,3.381399,
6541.130000000121,1.399863,3.382315,
6542.189999999944,1.399863,3.383536,
6544.040000000037,1.400168,3.384756,
6545.160000000149,1.39971,3.385672,
6546.170000000158,1.39971,3.386587,
6547.620000000112,1.400015,3.387808,
6549.179999999935,1.400168,3.388724,
6550.39000000013,1.400168,3.389639,
6551.600000000093,1.399863,3.390555,
6552.810000000056,1.400015,3.39147,
6554.15000000014,1.399863,3.392386,
6555.350000000093,1.399863,3.393301,
6556.429999999935,1.399863,3.394522,
6557.729999999981,1.39971,3.395438,
6559.160000000149,1.399863,3.396353,
6560.199999999953,1.400015,3.397269,
6561.64000000013,1.399863,3.398184,
6563.130000000121,1.399863,3.3991,
6564.40000000014,1.399863,3.40032,
6565.989999999991,1.39971,3.401236,
6567.219999999972,1.400015,3.402152,
6568.219999999972,1.400168,3.403067,
6569.560000000056,1.400168,3.403983,
6571.060000000056,1.400015,3.404898,
6572.050000000047,1.399863,3.405814,
6573.170000000158,1.399863,3.406729,
6574.770000000019,1.399405,3.407645,
6576.110000000102,1.39971,3.40856,
6577.570000000065,1.399557,3.409476,
6578.75,1.399863,3.410391,
6579.850000000093,1.399557,3.411612,
6581.479999999981,1.39971,3.412528,
6582.679999999935,1.40032,3.413443,
6584.25,1.400015,3.414664,
6586.25,1.400015,3.415579,
6587.489999999991,1.400015,3.416495,
6588.760000000009,1.400015,3.417411,
6590.209999999963,1.40032,3.418326,
6591.39000000013,1.39971,3.419547,
6593.179999999935,1.400015,3.420462,
6594.459999999963,1.400015,3.421378,
6595.670000000158,1.399863,3.422293,
6597.14000000013,1.39971,3.423209,
6598.510000000009,1.400168,3.424125,
6600.14000000013,1.400015,3.42504,
6601.530000000028,1.399863,3.426261,
6603.370000000112,1.40032,3.427176,
6604.979999999981,1.400015,3.428702,
6606.699999999953,1.400168,3.429618,
6608.300000000047,1.399863,3.430533,
6609.920000000158,1.400015,3.431449,
6611.40000000014,1.39971,3.432364,
6612.8300000000745,1.39971,3.43328,
6614.39000000013,1.39971,3.434195,
6615.620000000112,1.399863,3.435111,
6617.189999999944,1.399863,3.436027,
6618.630000000121,1.400168,3.436942,
6619.760000000009,1.399863,3.437858,
6621.179999999935,1.400015,3.438773,
6622.850000000093,1.400168,3.439994,
6625.020000000019,1.400015,3.440909,
6626.489999999991,1.399863,3.441825,
6627.939999999944,1.400015,3.442741,
6629.540000000037,1.400015,3.443656,
6631.300000000047,1.399863,3.444572,
6632.620000000112,1.39971,3.445792,
6634.360000000102,1.400015,3.446708,
6635.90000000014,1.39971,3.447623,
6637.300000000047,1.40032,3.448539,
6638.920000000158,1.399863,3.449454,
6640.840000000084,1.39971,3.45037,
6642.280000000028,1.400015,3.451286,
6643.89000000013,1.399863,3.452201,
6645.560000000056,1.399863,3.453422,
6647.280000000028,1.400015,3.454337,
6649.189999999944,1.39971,3.455558,
6651.350000000093,1.400168,3.456474,
6652.5,1.400015,3.457389,
6654.760000000009,1.399863,3.45861,
6656.770000000019,1.399557,3.459525,
6658.479999999981,1.39971,3.460441,
6659.929999999935,1.400015,3.461357,
6662.050000000047,1.400015,3.462577,
6663.5800000000745,1.400168,3.463493,
6665.75,1.399557,3.464408,
6667.320000000065,1.399863,3.465324,
6669.179999999935,1.399863,3.466239,
6670.959999999963,1.40032,3.467155,
6673.229999999981,1.399863,3.468376,
6675.489999999991,1.400015,3.469291,
6677.469999999972,1.39971,3.470207,
6679.320000000065,1.400168,3.471427,
6681.209999999963,1.400015,3.472648,
6683.5800000000745,1.39971,3.473564,
6685.969999999972,1.39971,3.474479,
6687.89000000013,1.400168,3.475395,
6690.030000000028,1.400015,3.476616,
6692.739999999991,1.399863,3.477531,
6694.949999999953,1.399863,3.478447,
6696.929999999935,1.400015,3.479362,
6698.870000000112,1.400015,3.480278,
6701.209999999963,1.399863,3.481193,
6703.489999999991,1.399863,3.482414,
6706.179999999935,1.400168,3.48333,
6708.989999999991,1.400168,3.484245,
6712.320000000065,1.400168,3.485161,
6715.709999999963,1.399557,3.486076,
6718.290000000037,1.400168,3.486992,
6721.780000000028,1.400015,3.488212,
6725.770000000019,1.400168,3.489128,
6729.15000000014,1.40032,3.490043,
6734.15000000014,1.399863,3.490959,
6738.25,1.40032,3.491875,
6743.320000000065,1.400168,3.49279,
6749.610000000102,1.400015,3.493706,
6754.670000000158,1.399863,3.494621,
6762.380000000121,1.400168,3.495537,
6770.0800000000745,1.400473,3.496452,
6774.219999999972,1.400015,3.497368,
6781.310000000056,1.400168,3.498283,
6788.65000000014,1.400015,3.499199,
6796.14000000013,1.400015,3.500114,
6803.120000000112,1.400168,3.50103,
6812.370000000112,1.39971,3.501946,
6819.590000000084,1.400015,3.502861,
6827.510000000009,1.399557,3.503777,
6834.560000000056,1.400015,3.504692,
6841.3300000000745,1.400015,3.505608,
6849.3300000000745,1.400015,3.506828,
6858.3300000000745,1.400015,3.507744,
6866.260000000009,1.39971,3.508659,
6875.050000000047,1.40032,3.509575,
6882.820000000065,1.400168,3.510491,
6891.540000000037,1.400015,3.511406,
6898.90000000014,1.399557,3.512322,
6907.239999999991,1.400015,3.513237,
6913.790000000037,1.399863,3.514153,
6920.370000000112,1.399863,3.515068,
6929.310000000056,1.400168,3.515984,
6935.920000000158,1.39971,3.516899,
6944.020000000019,1.400015,3.517815,
6951.719999999972,1.400168,3.51873,
6959.65000000014,1.400015,3.519646,
6968.010000000009,1.39971,3.520562,
6976.479999999981,1.400168,3.521477,
6983.699999999953,1.400015,3.523003,
6993.699999999953,1.400015,3.523919,
7002.260000000009,1.399863,3.524834,
7010.290000000037,1.40032,3.52575,
7018.270000000019,1.399863,3.526665,
7025.449999999953,1.39971,3.527581,
7032.229999999981,1.400015,3.528496,
7040.040000000037,1.400015,3.529412,
7047.939999999944,1.400015,3.530327,
7054.160000000149,1.400168,3.531243,
7059.910000000149,1.40032,3.532158,
7066.760000000009,1.400015,3.533074,
7075.0,1.400015,3.533989,
7081.709999999963,1.400015,3.534905,
7089.780000000028,1.40032,3.535821,
7097.5,1.400015,3.536736,
7103.860000000102,1.39971,3.537652,
7110.260000000009,1.400015,3.538567,
7117.340000000084,1.400015,3.539483,
7121.689999999944,1.399863,3.540398,
7128.530000000028,1.400168,3.541314,
7135.699999999953,1.400168,3.542229,
7141.75,1.400015,3.543145,
7148.540000000037,1.399863,3.54406,
7153.910000000149,1.400015,3.544976,
7161.550000000047,1.400168,3.545892,
7167.959999999963,1.400015,3.546807,
7174.39000000013,1.399863,3.547723,
7178.130000000121,1.39971,3.548943,
7184.630000000121,1.399863,3.549859,
7191.39000000013,1.39971,3.550774,
7196.780000000028,1.399863,3.55169,
7203.449999999953,1.39971,3.552605,
7207.630000000121,1.400015,3.553521,
7214.060000000056,1.39971,3.554437,
7220.489999999991,1.400015,3.555352,
7227.100000000093,1.39971,3.556268,
7231.590000000084,1.39971,3.557183,
7236.3300000000745,1.40032,3.558099,
7241.350000000093,1.400168,3.559014,
7247.209999999963,1.400015,3.55993,
7252.590000000084,1.39971,3.560845,
7258.870000000112,1.400168,3.561761,
7264.510000000009,1.400015,3.562676,
7268.8300000000745,1.399863,3.563592,
7274.469999999972,1.400015,3.564508,
7279.40000000014,1.39971,3.565423,
7284.100000000093,1.399863,3.566339,
7289.290000000037,1.399863,3.567254,
7294.350000000093,1.399863,3.56817,
7299.880000000121,1.39971,3.569085,
7305.410000000149,1.399863,3.570001,
7310.270000000019,1.399863,3.570916,
7315.729999999981,1.39971,3.571832,
7321.120000000112,1.39971,3.572747,
7325.550000000047,1.399863,3.573663,
7329.100000000093,1.400168,3.574578,
7334.530000000028,1.400168,3.575494,
7340.050000000047,1.399863,3.57641,
7345.75,1.399557,3.577325,
7350.310000000056,1.399863,3.578241,
7355.170000000158,1.39971,3.579461,
7361.489999999991,1.400015,3.580377,
7367.110000000102,1.399863,3.581292,
7372.660000000149,1.400015,3.582208,
7376.39000000013,1.399863,3.583124,
7380.229999999981,1.400015,3.584039,
7386.189999999944,1.400015,3.584955,
7391.020000000019,1.400015,3.58587,
7396.550000000047,1.399863,3.586786,
7402.179999999935,1.399557,3.587701,
7405.530000000028,1.400015,3.588617,
7411.219999999972,1.399863,3.589532,
7416.810000000056,1.400015,3.590448,
7421.010000000009,1.400015,3.591363,
7425.459999999963,1.400015,3.592279,
7431.050000000047,1.400168,3.593194,
7435.90000000014,1.39971,3.59411,
7440.670000000158,1.399863,3.595026,
7445.949999999953,1.400015,3.595941,
7451.5800000000745,1.40032,3.597162,
7458.969999999972,1.399863,3.598077,
7464.100000000093,1.400015,3.598993,
7468.89000000013,1.399863,3.599908,
7472.920000000158,1.399863,3.600824,
7478.920000000158,1.400015,3.60174,
7485.010000000009,1.39971,3.602655,
7489.790000000037,1.400168,3.603571,
7494.090000000084,1.400168,3.604486,
7500.130000000121,1.400168,3.605402,
7506.709999999963,1.400168,3.606317,
7511.929999999935,1.39971,3.607233,
7517.65000000014,1.400015,3.608453,
7523.439999999944,1.39971,3.609369,
7528.719999999972,1.400015,3.610285,
7534.439999999944,1.399863,3.6112,
7538.8300000000745,1.39971,3.612116,
7546.040000000037,1.400168,3.613031,
7551.590000000084,1.400015,3.613947,
7557.790000000037,1.400168,3.615167,
7564.630000000121,1.399863,3.616083,
7569.969999999972,1.400015,3.616999,
7574.939999999944,1.400015,3.617914,
7580.3300000000745,1.400168,3.619135,
7587.520000000019,1.39971,3.62005,
7593.020000000019,1.400015,3.620966,
7599.920000000158,1.399863,3.621881,
7604.729999999981,1.399863,3.622797,
7610.239999999991,1.399863,3.623713,
7616.110000000102,1.400015,3.624628,
7621.479999999981,1.400168,3.625544,
7625.969999999972,1.400168,3.626459,
7631.479999999981,1.400015,3.627375,
7637.170000000158,1.400015,3.62829,
7642.189999999944,1.39971,3.629206,
7648.199999999953,1.399863,3.630121,
7654.060000000056,1.39971,3.631037,
7659.030000000028,1.399863,3.631952,
7666.25,1.399863,3.632868,
7672.25,1.40032,3.633783,
7675.800000000047,1.39971,3.634699,
7680.949999999953,1.400168,3.635615,
7685.90000000014,1.399863,3.63653,
7692.520000000019,1.399863,3.637446,
7699.0,1.399863,3.638361,
7703.969999999972,1.399557,3.639277,
7709.550000000047,1.400015,3.640192,
7717.010000000009,1.400168,3.641108,
7723.420000000158,1.400015,3.642329,
7731.0,1.39971,3.643244,
7735.469999999972,1.399557,3.64416,
7741.199999999953,1.400168,3.645075,
7748.570000000065,1.399863,3.645991,
7754.239999999991,1.399863,3.646906,
7761.199999999953,1.400168,3.647822,
7767.949999999953,1.400015,3.648737,
7773.959999999963,1.40032,3.649653,
7780.870000000112,1.400015,3.650568,
7788.270000000019,1.39971,3.651484,
7792.939999999944,1.39971,3.652399,
7800.179999999935,1.399863,3.653315,
7805.989999999991,1.400168,3.654536,
7815.75,1.400015,3.655451,
7822.590000000084,1.400015,3.656367,
7830.550000000047,1.400015,3.657282,
7837.209999999963,1.400168,3.658198,
7844.070000000065,1.400015,3.659113,
7850.770000000019,1.39971,3.660334,
7857.600000000093,1.400015,3.66125,
7865.739999999991,1.400168,3.662165,
7873.040000000037,1.400168,3.663081,
7881.360000000102,1.400015,3.663996,
7886.929999999935,1.399863,3.664912,
7896.120000000112,1.39971,3.665827,
7903.760000000009,1.400015,3.667048,
7913.489999999991,1.400168,3.667964,
7921.179999999935,1.400168,3.668879,
7926.840000000084,1.400015,3.669795,
7934.0800000000745,1.399863,3.67071,
7943.209999999963,1.400015,3.671626,
7950.5800000000745,1.400168,3.672541,
7960.420000000158,1.399863,3.673457,
7968.790000000037,1.399863,3.674372,
7976.290000000037,1.400015,3.675593,
7986.290000000037,1.40032,3.675898,
7991.020000000019,1.399863,3.676814,
7997.64000000013,1.399863,3.677729,
8005.0800000000745,1.400015,3.678645,
8014.530000000028,1.399863,3.679561,
8023.630000000121,1.400015,3.680476,
8032.350000000093,1.399863,3.681392,
8042.110000000102,1.399863,3.682307,
8051.800000000047,1.399557,3.683223,
8060.870000000112,1.39971,3.684138,
8070.410000000149,1.400168,3.685054,
8078.860000000102,1.400015,3.685969,
8086.860000000102,1.39971,3.686885,
8096.209999999963,1.39971,3.6878,
8105.780000000028,1.400015,3.688716,
8115.780000000028,1.399863,3.689326,
8120.870000000112,1.400015,3.690242,
8130.840000000084,1.400015,3.691157,
8140.840000000084,1.400015,3.691768,
8147.729999999981,1.399863,3.692683,
8157.020000000019,1.399863,3.693599,
8165.870000000112,1.399863,3.694514,
8172.699999999953,1.39971,3.69543,
8182.699999999953,1.400015,3.69604,
8188.290000000037,1.400015,3.696956,
8198.290000000037,1.399863,3.697566,
8205.350000000093,1.400015,3.698482,
8215.350000000093,1.400168,3.699092,
8221.880000000121,1.399863,3.700008,
8230.910000000149,1.400015,3.700923,
8240.910000000149,1.400015,3.701534,
8248.26000000001,1.400168,3.702449,
8257.630000000121,1.400168,3.703365,
8265.360000000102,1.399863,3.70428,
8272.880000000121,1.400015,3.705196,
8282.880000000121,1.400015,3.706111,
8292.689999999944,1.400015,3.707027,
8302.689999999944,1.399557,3.707332,
8307.209999999963,1.400015,3.708248,
8315.070000000065,1.399863,3.709163,
8324.630000000121,1.400015,3.710079,
8332.959999999963,1.400015,3.710994,
8341.080000000075,1.400168,3.71191,
8349.600000000093,1.400015,3.712825,
8358.300000000047,1.400015,3.713741,
8368.300000000047,1.399863,3.714351,
8373.280000000028,1.399863,3.715267,
8382.870000000112,1.400168,3.716182,
8392.870000000112,1.400015,3.717098,
8402.360000000102,1.39971,3.718013,
8411.679999999935,1.39971,3.718929,
8421.679999999935,1.39971,3.72015,
8429.020000000019,1.400015,3.721065,
8438.48999999999,1.39971,3.721981,
8447.449999999953,1.399863,3.722896,
8456.170000000158,1.400015,3.723812,
8466.100000000093,1.400015,3.724727,
8473.929999999935,1.400015,3.725643,
8482.310000000056,1.399863,3.726558,
8492.310000000056,1.399863,3.727474,
8501.090000000084,1.400168,3.728389,
8508.800000000047,1.400015,3.729305,
8515.76000000001,1.399863,3.73022,
8523.070000000065,1.399557,3.731136,
8533.070000000065,1.40032,3.732052,
8541.90000000014,1.400015,3.732967,
8550.020000000019,1.400168,3.733883,
8558.90000000014,1.400015,3.734798,
8565.98999999999,1.399863,3.735714,
8574.949999999953,1.399863,3.736629,
8582.689999999944,1.40032,3.737545,
8590.090000000084,1.39971,3.73846,
8597.90000000014,1.400168,3.739376,
8606.550000000047,1.400015,3.740291,
8613.610000000102,1.399863,3.741207,
8622.850000000093,1.400015,3.742123,
8630.320000000065,1.399863,3.743343,
8640.320000000065,1.399863,3.743648,
8644.600000000093,1.400168,3.744564,
8651.679999999935,1.400168,3.74548,
8658.459999999963,1.400015,3.746395,
8663.910000000149,1.400168,3.747311,
8673.060000000056,1.400015,3.748531,
8682.929999999935,1.400015,3.749447,
8690.679999999935,1.400168,3.750362,
8698.73999999999,1.400015,3.751278,
8705.670000000158,1.399863,3.752193,
8714.360000000102,1.399863,3.753414,
8723.070000000065,1.399863,3.75433,
8729.610000000102,1.400015,3.755245,
8736.26000000001,1.400015,3.756161,
8743.810000000056,1.400015,3.757076,
8752.060000000056,1.400168,3.758297,
8761.209999999963,1.400015,3.759213,
8768.520000000019,1.399863,3.760433,
8778.310000000056,1.39971,3.761349,
8785.420000000158,1.400168,3.762264,
8792.73999999999,1.400168,3.76318,
8798.310000000056,1.39971,3.764401,
8807.51000000001,1.400168,3.765316,
8814.280000000028,1.399863,3.766232,
8821.320000000065,1.400168,3.767147,
8828.429999999935,1.39971,3.768063,
8834.939999999944,1.400015,3.769284,
8844.100000000093,1.400015,3.770199,
8850.160000000149,1.400015,3.771115,
8856.860000000102,1.400015,3.77203,
8862.76000000001,1.39971,3.772946,
8870.429999999935,1.399863,3.774166,
8877.880000000121,1.400015,3.775082,
8885.179999999935,1.399557,3.775998,
8891.679999999935,1.400015,3.776913,
8898.929999999935,1.400015,3.777829,
8905.229999999981,1.399863,3.778744,
8912.280000000028,1.399557,3.77966,
8918.75,1.400015,3.780575,
8923.520000000019,1.400015,3.781796,
8932.120000000112,1.400015,3.782712,
8938.350000000093,1.400015,3.783627,
8944.520000000019,1.399863,3.784543,
8951.540000000037,1.399863,3.785458,
8957.300000000047,1.399863,3.786374,
8964.370000000112,1.399863,3.787289,
8970.660000000149,1.39971,3.788205,
8977.030000000028,1.400015,3.78912,
8981.880000000121,1.400168,3.790341,
8989.479999999981,1.39971,3.791257,
8995.979999999981,1.400015,3.792172,
9003.76000000001,1.399863,3.793088,
9008.410000000149,1.400168,3.794003,
9015.550000000047,1.400015,3.794919,
9022.0,1.400015,3.795834,
9027.959999999963,1.400168,3.79675,
9034.340000000084,1.400168,3.797665,
9037.600000000093,1.400168,3.798581,
9045.479999999981,1.400015,3.799496,
9051.620000000112,1.400168,3.800412,
9056.580000000075,1.399863,3.801328,
9064.360000000102,1.400015,3.802243,
9069.959999999963,1.399863,3.803159,
9076.520000000019,1.400015,3.804074,
9083.270000000019,1.399863,3.80499,
9089.290000000037,1.400168,3.805905,
9093.530000000028,1.400015,3.807126,
9101.170000000158,1.400015,3.808042,
9106.959999999963,1.400015,3.808957,
9113.170000000158,1.399863,3.809873,
9118.820000000065,1.400015,3.811093,
9127.370000000112,1.39971,3.812009,
9133.429999999935,1.400168,3.812924,
9139.580000000075,1.399863,3.81384,
9145.949999999953,1.399863,3.814755,
9149.670000000158,1.400168,3.815671,
9155.15000000014,1.400015,3.816587,
9162.15000000014,1.400015,3.817502,
9167.979999999981,1.39971,3.818418,
9174.5,1.400015,3.819333,
9180.060000000056,1.399863,3.820249,
9186.469999999972,1.39971,3.821164,
9191.910000000149,1.400015,3.82208,
9198.280000000028,1.399863,3.822995,
9202.0,1.399863,3.823911,
9209.410000000149,1.399863,3.824826,
9214.340000000084,1.400015,3.825742,
9220.01000000001,1.400168,3.826658,
9226.189999999944,1.400015,3.827573,
9233.120000000112,1.400015,3.828489,
9238.520000000019,1.400168,3.829404,
9245.420000000158,1.400168,3.83032,
9250.620000000112,1.400015,3.831235,
9256.050000000047,1.400015,3.832456,
9263.160000000149,1.400015,3.833371,
9268.76000000001,1.399557,3.834287,
9275.160000000149,1.399863,3.835203,
9280.540000000037,1.400168,3.836118,
9285.570000000065,1.399863,3.837034,
9293.25,1.400015,3.837949,
9299.199999999953,1.399863,3.838865,
9305.170000000158,1.400015,3.83978,
9310.979999999981,1.40032,3.840696,
9315.479999999981,1.400015,3.841611,
9321.360000000102,1.400015,3.842527,
9327.5,1.39971,3.843442,
9334.100000000093,1.399863,3.844358,
9339.600000000093,1.39971,3.845274,
9345.630000000121,1.400015,3.846189,
9351.820000000065,1.400168,3.847105,
9357.719999999972,1.40032,3.848325,
9365.060000000056,1.39971,3.849241,
9370.670000000158,1.399863,3.850156,
9376.439999999944,1.400168,3.851072,
9381.880000000121,1.400015,3.851987,
9388.90000000014,1.39971,3.852903,
9395.350000000093,1.399863,3.853819,
9401.51000000001,1.400015,3.854734,
9408.330000000075,1.39971,3.85565,
9414.469999999972,1.400168,3.856565,
9420.969999999972,1.399863,3.857481,
9425.130000000121,1.400168,3.858396,
9430.189999999944,1.400015,3.859312,
9436.850000000093,1.399863,3.860227,
9443.100000000093,1.399557,3.861143,
9449.14000000013,1.39971,3.862364,
9457.340000000084,1.400015,3.863279,
9464.90000000014,1.40032,3.8645,
9472.520000000019,1.399863,3.865415,
9478.810000000056,1.400168,3.866331,
9482.820000000065,1.399557,3.867247,
9488.310000000056,1.400015,3.868162,
9494.979999999981,1.400168,3.869078,
9502.40000000014,1.400168,3.869993,
9508.729999999981,1.40032,3.870909,
9515.120000000112,1.39971,3.871824,
9520.280000000028,1.400015,3.87274,
9526.14000000013,1.40032,3.873655,
9532.910000000149,1.399863,3.874571,
9538.14000000013,1.400015,3.875486,
9543.830000000075,1.399863,3.876402,
9549.920000000158,1.399863,3.877317,
9556.5,1.40032,3.878233,
9562.520000000019,1.40032,3.879149,
9568.219999999972,1.400015,3.880064,
9573.89000000013,1.394217,3.880674,
9573.90000000014,1.400626,3.880674,
9573.929999999935,1.405814,3.88098,
9573.939999999944,1.399405,3.880674,
9580.280000000028,1.399863,3.88159,
9586.380000000121,1.400015,3.882506,
9592.790000000037,1.400168,3.883421,
9598.179999999935,1.399863,3.884642,
9605.670000000158,1.39971,3.885557,
9612.810000000056,1.399863,3.886473,
9619.229999999981,1.400015,3.887388,
9625.219999999972,1.400168,3.888304,
9631.870000000112,1.400015,3.889525,
9640.350000000093,1.400015,3.89044,
9647.219999999972,1.399863,3.891356,
9651.820000000065,1.400015,3.892271,
9656.729999999981,1.400015,3.893187,
9663.40000000014,1.399863,3.894102,
9671.65000000014,1.40032,3.895018,
9677.050000000047,1.400168,3.895933,
9683.850000000093,1.400015,3.897154,
9692.709999999963,1.39971,3.89807,
9698.880000000121,1.400015,3.898985,
9706.25,1.400015,3.899901,
9711.979999999981,1.40032,3.900816,
9716.670000000158,1.40032,3.901732,
9722.679999999935,1.400168,3.902647,
9729.780000000028,1.39971,3.903563,
9736.620000000112,1.400015,3.904784,
9745.969999999972,1.39971,3.905699,
9752.350000000093,1.400015,3.906615,
9757.929999999935,1.399863,3.90753,
9763.780000000028,1.400015,3.908446,
9771.070000000065,1.400015,3.909361,
9775.969999999972,1.400015,3.910277,
9783.179999999935,1.400168,3.911192,
9790.060000000056,1.39971,3.912108,
9795.920000000158,1.39971,3.913024,
9803.020000000019,1.400168,3.913939,
9808.520000000019,1.400168,3.914855,
9816.23999999999,1.400015,3.91577,
9824.479999999981,1.400015,3.916686,
9830.719999999972,1.399863,3.917601,
9835.65000000014,1.400015,3.918822,
9843.929999999935,1.39971,3.919738,
9851.550000000047,1.400015,3.920653,
9859.01000000001,1.400168,3.921569,
9865.459999999963,1.39971,3.922484,
9873.600000000093,1.399863,3.9234,
9879.530000000028,1.400015,3.924315,
9887.48999999999,1.400015,3.925231,
9894.679999999935,1.400473,3.926146,
9901.459999999963,1.39971,3.927062,
9906.870000000112,1.40032,3.928283,
9916.870000000112,1.400015,3.928893,
9921.979999999981,1.40032,3.929808,
9929.820000000065,1.399863,3.930724,
9937.320000000065,1.400168,3.93164,
9944.300000000047,1.399863,3.932555,
9950.979999999981,1.400168,3.933471,
9959.800000000047,1.400015,3.934386,
9967.25,1.399863,3.935302,
9973.25,1.399863,3.936217,
9980.14000000013,1.39971,3.937133,
9988.420000000158,1.399863,3.938048,
9995.310000000056,1.400168,3.938964,
10004.620000000112,1.39971,3.939879,
10013.410000000149,1.399863,3.940795,
10020.229999999981,1.399863,3.941711,
10028.830000000075,1.400015,3.942626,
10036.75,1.399863,3.943542,
10042.100000000093,1.400015,3.944457,
10050.26000000001,1.400168,3.945373,
10059.23999999999,1.399863,3.946288,
10068.530000000028,1.400168,3.947204,
10075.939999999944,1.400015,3.948119,
10084.590000000084,1.399557,3.949035,
10092.89000000013,1.400015,3.94995,
10102.840000000084,1.400168,3.950866,
10111.15000000014,1.399557,3.951781,
10118.060000000056,1.400168,3.952697,
10125.920000000158,1.39971,3.953613,
10134.110000000102,1.399863,3.954528,
10142.770000000019,1.400168,3.955444,
10152.15000000014,1.399863,3.956359,
10162.15000000014,1.40032,3.957275,
10170.459999999963,1.400168,3.95819,
10179.120000000112,1.39971,3.959106,
10187.51000000001,1.39971,3.960021,
10197.290000000037,1.400168,3.961242,
10206.719999999972,1.399863,3.962158,
10216.189999999944,1.39971,3.963073,
10225.380000000121,1.400015,3.963989,
10234.76000000001,1.400015,3.964904,
10242.590000000084,1.399557,3.96582,
10252.590000000084,1.400015,3.96643,
10260.179999999935,1.400168,3.967346,
10268.709999999963,1.39971,3.968261,
10276.610000000102,1.400015,3.969177,
10285.300000000047,1.399557,3.970092,
10293.969999999972,1.400168,3.971008,
10302.300000000047,1.400015,3.971923,
10312.300000000047,1.399863,3.972534,
10319.689999999944,1.400168,3.973754,
10329.689999999944,1.400168,3.97406,
10334.560000000056,1.399863,3.974975,
10343.270000000019,1.399863,3.975891,
10353.270000000019,1.399863,3.976806,
10362.330000000075,1.400015,3.977722,
10369.340000000084,1.399863,3.978637,
10377.070000000065,1.399863,3.979553,
10386.630000000121,1.39971,3.980774,
10396.630000000121,1.400015,3.981384,
10405.26000000001,1.399557,3.9823,
10414.070000000065,1.400168,3.98352,
10424.070000000065,1.399863,3.984436,
10434.070000000065,1.400015,3.985351,
10444.070000000065,1.39971,3.985962,
10449.75,1.399863,3.986877,
10455.080000000075,1.39971,3.987793,
10464.310000000056,1.399863,3.988708,
10472.64000000013,1.400015,3.989624,
10481.590000000084,1.399252,3.990539,
10490.370000000112,1.400015,3.991455,
10499.340000000084,1.39971,3.99237,
10508.14000000013,1.399863,3.993286,
10515.060000000056,1.40032,3.994202,
10522.929999999935,1.399863,3.995117,
10529.40000000014,1.400015,3.996033,
10537.300000000047,1.400015,3.996948,
10545.15000000014,1.400015,3.997864,
10553.060000000056,1.39971,3.998779,
10561.570000000065,1.400015,4.0,
10570.929999999935,1.39971,4.001221,
10580.929999999935,1.39971,4.001831,
10588.689999999944,1.399863,4.002747,
10595.030000000028,1.399863,4.003662,
10601.25,1.399863,4.004578,
10606.979999999981,1.400015,4.005493,
10613.439999999944,1.39971,4.006409,
10621.76000000001,1.40032,4.007324,
10629.40000000014,1.400168,4.00824,
10636.689999999944,1.399863,4.009155,
10643.76000000001,1.40032,4.010071,
10651.75,1.400015,4.010986,
10658.570000000065,1.400015,4.012207,
10665.310000000056,1.39971,4.013123,
10671.800000000047,1.400015,4.014038,
10678.580000000075,1.400015,4.015259,
10688.429999999935,1.400168,4.016175,
10693.90000000014,1.400015,4.01709,
10700.620000000112,1.399863,4.018006,
10707.030000000028,1.400015,4.018921,
10714.449999999953,1.400015,4.019837,
10721.14000000013,1.400473,4.020752,
10725.76000000001,1.399863,4.021668,
10731.830000000075,1.40032,4.022583,
10737.679999999935,1.400015,4.023499,
10744.040000000037,1.400168,4.024414,
10750.840000000084,1.399863,4.02533,
10756.25,1.39971,4.026246,
10763.40000000014,1.400015,4.027161,
10769.780000000028,1.400015,4.028077,
10774.449999999953,1.400015,4.028992,
10779.729999999981,1.39971,4.030213,
10787.76000000001,1.400015,4.031128,
10793.330000000075,1.400015,4.032044,
10799.810000000056,1.400015,4.032959,
10805.719999999972,1.39971,4.033875,
10810.580000000075,1.400015,4.034791,
10815.590000000084,1.400015,4.036011,
10825.23999999999,1.39971,4.036927,
10830.570000000065,1.399863,4.037842,
10836.320000000065,1.400168,4.038758,
10839.90000000014,1.399863,4.039673,
10844.73999999999,1.39971,4.040589,
10850.949999999953,1.39971,4.041505,
10857.199999999953,1.39971,4.04242,
10862.65000000014,1.400168,4.043336,
10868.89000000013,1.400015,4.044556,
10875.65000000014,1.399863,4.045777,
10882.320000000065,1.40032,4.046693,
10887.229999999981,1.399863,4.047608,
10891.479999999981,1.40032,4.048524,
10897.360000000102,1.400015,4.049439,
10902.850000000093,1.400168,4.050355,
10907.65000000014,1.400015,4.05127,
10913.48999999999,1.399863,4.052186,
10918.469999999972,1.400168,4.053101,
10923.800000000047,1.400015,4.054017,
10929.050000000047,1.400168,4.054932,
10934.030000000028,1.400015,4.056458,
10941.340000000084,1.400168,4.057374,
10948.01000000001,1.399863,4.058289,
10951.910000000149,1.399863,4.059205,
10956.959999999963,1.400168,4.060121,
10962.270000000019,1.400015,4.061036,
10967.39000000013,1.399863,4.061952,
10971.98999999999,1.399863,4.062867,
10977.520000000019,1.39971,4.063783,
10980.770000000019,1.400168,4.064698,
10985.479999999981,1.400015,4.065614,
10991.330000000075,1.400168,4.066529,
10996.219999999972,1.399863,4.06775,
11003.48999999999,1.399863,4.068666,
11008.170000000158,1.399557,4.069886,
11014.590000000084,1.399863,4.070802,
11019.340000000084,1.400015,4.071717,
11024.810000000056,1.400168,4.072633,
11029.199999999953,1.400015,4.073548,
11033.360000000102,1.400168,4.074464,
11037.979999999981,1.399863,4.07538,
11042.25,1.40032,4.076295,
11047.209999999963,1.39971,4.077211,
11052.469999999972,1.400168,4.078126,
11058.39000000013,1.400015,4.079042,
11062.800000000047,1.40032,4.079957,
11067.860000000102,1.400015,4.081178,
11073.660000000149,1.400015,4.082399,
11079.110000000102,1.399863,4.083314,
11083.89000000013,1.399863,4.08423,
11089.39000000013,1.39971,4.085145,
11094.01000000001,1.400168,4.086061,
11098.929999999935,1.400168,4.086976,
11104.800000000047,1.400015,4.087892,
11109.410000000149,1.400015,4.089418,
11109.780000000028,1.400168,4.088502,
11113.030000000028,1.399863,4.089418,
11117.25,1.400168,4.090333,
11120.830000000075,1.400015,4.091249,
11127.39000000013,1.400015,4.092164,
11132.130000000121,1.399863,4.093385,
11137.699999999953,1.400168,4.094301,
11142.100000000093,1.400168,4.095216,
11147.479999999981,1.400168,4.096132,
11152.570000000065,1.399863,4.097353,
11160.40000000014,1.400168,4.098268,
11164.300000000047,1.399863,4.099184,
11167.75,1.400168,4.100099,
11173.26000000001,1.400015,4.101015,
11178.610000000102,1.400168,4.10193,
11184.64000000013,1.400015,4.102846,
11189.280000000028,1.400015,4.104067,
11195.820000000065,1.399863,4.104982,
11200.600000000093,1.400168,4.105898,
11205.98999999999,1.40032,4.106813,
11210.14000000013,1.400015,4.107729,
11215.360000000102,1.39971,4.108644,
11220.229999999981,1.399863,4.10956,
11224.689999999944,1.400168,4.110475,
11229.420000000158,1.400015,4.111391,
11236.130000000121,1.399863,4.112306,
11241.5,1.400168,4.113222,
11246.65000000014,1.400015,4.114137,
11252.40000000014,1.399405,4.115053,
11253.939999999944,1.394369,4.115053,
11254.76000000001,1.389334,4.115053,
11256.160000000149,1.384298,4.115053,
11257.51000000001,1.37911,4.115053,
11258.780000000028,1.374075,4.114748,
11259.959999999963,1.369039,4.115053,
11260.979999999981,1.364004,4.115053,
11262.199999999953,1.358816,4.115053,
11263.540000000037,1.353323,4.115053,
11264.709999999963,1.348135,4.115053,
11266.090000000084,1.342947,4.115053,
11267.320000000065,1.337758,4.115053,
11268.910000000149,1.332723,4.114748,
11269.979999999981,1.327535,4.115053,
11271.5,1.322347,4.114748,
11273.0,1.317311,4.115358,
11274.110000000102,1.312276,4.115358,
11275.459999999963,1.307088,4.115358,
11277.209999999963,1.302052,4.115053,
11278.439999999944,1.297017,4.115053,
11280.290000000037,1.291981,4.115053,
11281.48999999999,1.286793,4.115053,
11283.110000000102,1.281605,4.115053,
11284.429999999935,1.27657,4.115053,
11285.51000000001,1.271229,4.115053,
11287.570000000065,1.266194,4.115663,
11288.600000000093,1.261158,4.115358,
11290.40000000014,1.25597,4.115358,
11291.860000000102,1.250935,4.115358,
11293.120000000112,1.245899,4.115053,
11294.729999999981,1.240864,4.114748,
11296.199999999953,1.235676,4.115053,
11298.320000000065,1.230488,4.115053,
11300.070000000065,1.225452,4.115053,
11301.219999999972,1.220417,4.114748,
11303.14000000013,1.215229,4.115053,
11304.64000000013,1.210193,4.114748,
11305.939999999944,1.205005,4.115053,
11307.870000000112,1.199969,4.115358,
11309.620000000112,1.194934,4.114748,
11311.280000000028,1.189746,4.115053,
11312.810000000056,1.18471,4.115358,
11314.410000000149,1.179675,4.115053,
11316.199999999953,1.174487,4.115053,
11317.600000000093,1.169451,4.115053,
11319.719999999972,1.164416,4.115053,
11321.590000000084,1.159228,4.115053,
11323.160000000149,1.154192,4.115358,
11324.719999999972,1.149157,4.115053,
11326.780000000028,1.143969,4.115053,
11328.830000000075,1.138933,4.115053,
11330.929999999935,1.133593,4.115358,
11332.459999999963,1.128557,4.115053,
11334.170000000158,1.123522,4.115053,
11336.479999999981,1.118486,4.115053,
11338.65000000014,1.113298,4.115358,
11340.370000000112,1.108263,4.115358,
11342.65000000014,1.103075,4.115358,
11344.820000000065,1.098039,4.115358,
11345.959999999963,1.093004,4.115053,
11348.110000000102,1.087968,4.114748,
11350.330000000075,1.08278,4.115358,
11352.130000000121,1.077745,4.115053,
11354.670000000158,1.072557,4.115053,
11356.469999999972,1.067521,4.115053,
11358.520000000019,1.062486,4.115053,
11360.120000000112,1.05745,4.114748,
11363.73999999999,1.052262,4.115358,
11365.729999999981,1.047227,4.115053,
11368.280000000028,1.042039,4.114748,
11370.439999999944,1.036851,4.115053,
11372.189999999944,1.031815,4.115053,
11374.719999999972,1.02678,4.115358,
11376.330000000075,1.021592,4.115053,
11379.330000000075,1.016556,4.115053,
11381.699999999953,1.011521,4.115053,
11384.160000000149,1.006485,4.115053,
11386.189999999944,1.001297,4.115053,
11388.320000000065,0.996109,4.115053,
11391.14000000013,0.990921,4.115053,
11393.570000000065,0.985885,4.115053,
11396.530000000028,0.98085,4.115053,
11398.939999999944,0.975814,4.115053,
11400.719999999972,0.970779,4.115053,
11404.070000000065,0.965438,4.115358,
11405.850000000093,0.96025,4.115053,
11409.420000000158,0.955215,4.114748,
11411.800000000047,0.950179,4.115053,
11414.89000000013,0.945144,4.115053,
11416.620000000112,0.940108,4.115358,
11419.75,0.935073,4.115053,
11422.40000000014,0.930037,4.114748,
11425.340000000084,0.925002,4.115053,
11428.810000000056,0.919966,4.115358,
11431.469999999972,0.914931,4.115053,
11434.98999999999,0.90959,4.115053,
11438.090000000084,0.904555,4.115053,
11440.729999999981,0.899519,4.115053,
11443.780000000028,0.894484,4.115358,
11446.920000000158,0.889296,4.115053,
11450.199999999953,0.884108,4.115358,
11453.429999999935,0.879072,4.114748,
11456.030000000028,0.874037,4.114748,
11459.880000000121,0.868696,4.115053,
11462.01000000001,0.863661,4.115053,
11466.030000000028,0.858625,4.114748,
11469.810000000056,0.85359,4.115053,
11472.020000000019,0.848554,4.114748,
11476.179999999935,0.843214,4.115053,
11480.65000000014,0.838178,4.115053,
11485.100000000093,0.833143,4.115358,
11487.320000000065,0.828107,4.114748,
11491.89000000013,0.823072,4.115358,
11495.790000000037,0.818036,4.115053,
11498.219999999972,0.813001,4.115358,
11502.060000000056,0.807965,4.115053,
11506.979999999981,0.80293,4.115053,
11510.870000000112,0.797742,4.115053,
11515.360000000102,0.792706,4.115358,
11520.15000000014,0.787366,4.114748,
11522.850000000093,0.78233,4.115053,
11528.850000000093,0.777295,4.115053,
11533.800000000047,0.772107,4.115358,
11537.130000000121,0.766918,4.115053,
11542.530000000028,0.761883,4.115053,
11546.479999999981,0.756695,4.115053,
11553.550000000047,0.751659,4.115358,
11558.26000000001,0.746471,4.115053,
11563.380000000121,0.741436,4.114748,
11569.100000000093,0.736248,4.115053,
11573.439999999944,0.731212,4.115053,
11580.209999999963,0.726024,4.115053,
11586.64000000013,0.720989,4.115053,
11589.800000000047,0.715953,4.114748,
11596.110000000102,0.710918,4.115053,
11603.14000000013,0.705882,4.115053,
11610.880000000121,0.700847,4.115053,
11614.39000000013,0.695659,4.115053,
11622.850000000093,0.690623,4.115053,
11630.98999999999,0.685435,4.115053,
11637.949999999953,0.6804,4.115053,
11644.179999999935,0.675364,4.114748,
11652.39000000013,0.670329,4.114748,
11662.25,0.665293,4.115053,
11668.880000000121,0.660105,4.115358,
11676.800000000047,0.65507,4.114748,
11685.880000000121,0.650034,4.115053,
11694.110000000102,0.644846,4.115053,
11703.979999999981,0.639811,4.115053,
11712.959999999963,0.634775,4.115053,
11722.959999999963,0.630503,4.115053,
11729.51000000001,0.625467,4.115358,
11739.160000000149,0.620432,4.115053,
11749.160000000149,0.616159,4.115053,
11758.810000000056,0.611124,4.114748,
11767.170000000158,0.606088,4.115358,
11777.170000000158,0.603189,4.115358,
11786.800000000047,0.598001,4.115053,
11795.040000000037,0.592966,4.114748,
11805.040000000037,0.589914,4.115053,
11815.040000000037,0.587472,4.115053,
11818.910000000149,0.582437,4.115053,
11828.910000000149,0.579232,4.115053,
11838.110000000102,0.574197,4.114748,
11848.110000000102,0.570993,4.114748,
11858.110000000102,0.566873,4.114748,
11866.550000000047,0.561837,4.115358,
11876.550000000047,0.559854,4.115053,
11886.550000000047,0.555581,4.114748,
11896.550000000047,0.55314,4.115358,
11905.23999999999,0.548104,4.115053,
11915.23999999999,0.545968,4.115053,
11922.709999999963,0.54078,4.115053,
11932.709999999963,0.537881,4.115053,
11942.709999999963,0.536965,4.114748,
11947.5,0.53193,4.115053,
11957.5,0.529183,4.115053,
11967.5,0.525368,4.114748,
11977.5,0.523537,4.114748,
11984.459999999963,0.518502,4.115053,
11994.459999999963,0.51606,4.115053,
12000.810000000056,0.511025,4.114748,
12010.810000000056,0.507668,4.115053,
12020.810000000056,0.503853,4.115053,
12030.810000000056,0.50248,4.115053,
12040.810000000056,0.498512,4.115358,
12046.459999999963,0.493324,4.115053,
12056.459999999963,0.495613,4.114748,
12065.070000000065,0.490578,4.115053,
12075.070000000065,0.486763,4.114748,
12085.070000000065,0.485695,4.115663,
12086.060000000056,0.484016,4.114443,
12096.060000000056,0.481727,4.115053,
12106.060000000056,0.480507,4.115053,
12111.89000000013,0.475471,4.115053,
12121.89000000013,0.47425,4.115053,
12127.360000000102,0.469215,4.115053,
12137.360000000102,0.470283,4.115053,
12140.830000000075,0.465095,4.114748,
12150.830000000075,0.464179,4.115053,
12160.830000000075,0.462348,4.114748,
12169.39000000013,0.457313,4.114748,
12179.39000000013,0.456703,4.115053,
12189.39000000013,0.454108,4.115053,
12197.840000000084,0.449073,4.115053,
12207.840000000084,0.447089,4.115053,
12217.840000000084,0.444343,4.114748,
12226.679999999935,0.439307,4.114748,
12236.679999999935,0.438544,4.114748,
12244.76000000001,0.433509,4.115053,
12254.76000000001,0.434424,4.115053,
12263.48999999999,0.429236,4.115053,
12273.48999999999,0.427863,4.115053,
12282.880000000121,0.422827,4.115053,
12292.880000000121,0.421759,4.114748,
12302.880000000121,0.420233,4.115053,
12311.910000000149,0.415198,4.115053,
12321.910000000149,0.413519,4.115053,
12331.910000000149,0.410773,4.114748,
12341.910000000149,0.407568,4.115053,
12351.910000000149,0.404822,4.114748,
12361.910000000149,0.403906,4.114748,
12371.910000000149,0.399634,4.115053,
12381.910000000149,0.397345,4.114748,
12391.910000000149,0.396887,4.115053,
12400.90000000014,0.391852,4.114748,
12410.90000000014,0.391394,4.115053,
12420.420000000158,0.386358,4.114748,
12430.420000000158,0.384222,4.115053,
12440.420000000158,0.382391,4.115053,
12450.420000000158,0.381628,4.114748,
12460.420000000158,0.377966,4.114748,
12470.420000000158,0.375525,4.114748,
12480.420000000158,0.371557,4.115053,
12490.420000000158,0.367895,4.115053,
12500.420000000158,0.365454,4.114748,
12510.420000000158,0.36408,4.115053,
12520.420000000158,0.361486,4.115053,
12530.420000000158,0.358282,4.114748,
12540.420000000158,0.356603,4.115053,
12550.420000000158,0.35462,4.114748,
12560.420000000158,0.350652,4.114748,
12570.420000000158,0.350042,4.115053,
12580.420000000158,0.346685,4.114748,
12590.420000000158,0.344854,4.114748,
12600.420000000158,0.343481,4.115053,
12610.420000000158,0.340429,4.115053,
12620.420000000158,0.337224,4.115053,
12630.420000000158,0.334325,4.114748,
12640.420000000158,0.332647,4.115053,
12650.420000000158,0.332189,4.115053,
12660.420000000158,0.332036,4.114748,
12663.610000000102,0.327001,4.115053,
12673.610000000102,0.327764,4.114748,
12683.610000000102,0.325933,4.115053,
12693.610000000102,0.321508,4.115053,
12703.610000000102,0.320287,4.115053,
12713.610000000102,0.317845,4.115053,
12723.610000000102,0.315404,4.115053,
12733.610000000102,0.31342,4.115358,
12742.929999999935,0.308232,4.115053,
12752.929999999935,0.307622,4.114748,
12762.929999999935,0.307469,4.115053,
12772.929999999935,0.303807,4.115053,
12782.929999999935,0.301976,4.114748,
12792.929999999935,0.300603,4.114748,
12802.929999999935,0.299229,4.115053,
12812.929999999935,0.296483,4.115053,
12822.929999999935,0.293736,4.114748,
12832.929999999935,0.289921,4.114748,
12842.929999999935,0.289616,4.115053,
12852.929999999935,0.286412,4.115358,
12862.929999999935,0.286259,4.115053,
12872.929999999935,0.283207,4.114748,
12882.929999999935,0.282139,4.115053,
12891.840000000084,0.277104,4.114748,
12901.840000000084,0.277867,4.114748,
12911.840000000084,0.27512,4.114748,
12921.840000000084,0.272831,4.115053,
12931.840000000084,0.274357,4.115053,
12939.23999999999,0.269322,4.114748,
12949.23999999999,0.271458,4.115053,
12955.540000000037,0.26627,4.115053,
12965.540000000037,0.266575,4.115053,
12975.540000000037,0.263676,4.115053,
12985.540000000037,0.263066,4.114748,
12995.540000000037,0.258946,4.115053,
13005.540000000037,0.259403,4.115053,
13015.540000000037,0.256657,4.115053,
13025.540000000037,0.253147,4.115053,
13035.540000000037,0.254368,4.115053,
13045.540000000037,0.252232,4.114748,
13055.540000000037,0.248722,4.114443,
13065.540000000037,0.247044,4.114748,
13075.540000000037,0.244907,4.115053,
13085.540000000037,0.243534,4.115053,
13095.540000000037,0.242008,4.114748,
13105.540000000037,0.239109,4.114748,
13115.540000000037,0.238193,4.115358,
13125.540000000037,0.236057,4.115053,
13135.540000000037,0.23331,4.115053,
13145.540000000037,0.233921,4.114748,
13155.540000000037,0.230869,4.115358,
13165.540000000037,0.230411,4.114748,
13175.540000000037,0.229191,4.115358,
13185.540000000037,0.227512,4.115053,
13195.540000000037,0.224765,4.115053,
13205.540000000037,0.224613,4.115053,
13215.540000000037,0.222171,4.114748,
13225.540000000037,0.218814,4.114748,
13235.540000000037,0.217594,4.115053,
13245.540000000037,0.217288,4.114748,
13255.540000000037,0.215763,4.115053,
13265.540000000037,0.213169,4.115358,
13275.540000000037,0.2121,4.114748,
13285.540000000037,0.209812,4.115053,
13295.540000000037,0.20798,4.114748,
13305.540000000037,0.206912,4.115053,
13315.540000000037,0.206149,4.115053,
13325.540000000037,0.202945,4.115053,
13335.540000000037,0.201724,4.114748,
13345.540000000037,0.200198,4.115053,
13355.540000000037,0.198367,4.115053,
13365.540000000037,0.197299,4.114748,
13375.540000000037,0.196231,4.114748,
13385.540000000037,0.192416,4.115358,
13395.540000000037,0.191958,4.114748,
13405.540000000037,0.192111,4.115053,
13415.540000000037,0.189517,4.114748,
13425.540000000037,0.191196,4.115053,
13435.540000000037,0.18677,4.114748,
13445.540000000037,0.188907,4.115053,
13455.540000000037,0.185855,4.114748,
13465.540000000037,0.185092,4.115053,
13475.540000000037,0.183566,4.114748,
13485.540000000037,0.182193,4.114748,
13495.540000000037,0.18143,4.115053,
13505.540000000037,0.178378,4.115053,
13515.540000000037,0.178836,4.115053,
13525.540000000037,0.176242,4.115053,
13535.540000000037,0.175631,4.115053,
13545.540000000037,0.173342,4.115053,
13555.540000000037,0.17258,4.115053,
13565.540000000037,0.170901,4.114748,
13575.540000000037,0.169986,4.115053,
13585.540000000037,0.168612,4.115053,
13595.540000000037,0.167391,4.115053,
13605.540000000037,0.165408,4.114748,
13615.540000000037,0.162661,4.115053,
13625.540000000037,0.164797,4.115053,
13635.540000000037,0.162051,4.114748,
13645.540000000037,0.159915,4.114748,
13655.540000000037,0.160678,4.115053,
13665.540000000037,0.158694,4.115053,
13675.540000000037,0.156863,4.114748,
13685.540000000037,0.156863,4.114748,
13695.540000000037,0.155642,4.115053,
13705.540000000037,0.155184,4.115053,
13715.540000000037,0.152895,4.115053,
13725.540000000037,0.15259,4.115053,
13735.540000000037,0.151064,4.114443,
13745.540000000037,0.151675,4.114748,
13755.540000000037,0.149996,4.115358,
13765.540000000037,0.147402,4.115053,
13775.540000000037,0.147402,4.114748,
13785.540000000037,0.144503,4.114748,
13795.540000000037,0.146334,4.115053,
13805.540000000037,0.143282,4.115053,
13815.540000000037,0.142824,4.115053,
13825.540000000037,0.141604,4.114748,
13827.380000000121,0.139925,4.115358,
